book_name,c_content,c_reader,cid
追风筝的人,大家都喜欢那句“为你，千千万万遍”，我却喜欢“我们有什么权利指责别人的过去”,螃蟹蟹,739676723
追风筝的人,念及那些如风往事，冷暖自知。也许谁的生命里都有一只想要挽回的“风筝”，谁没有令自己痛悔的事，谁能保证自己的心灵永在阳光的照耀下？但重回那个被时光深埋的地点，重新面对心灵的考问，不是每个人都有那份勇气，即使，“那儿有再次成为好人的路”。,布拉德·跳票,501398740
追风筝的人,所有的罪只可忏悔，无可救赎。,匡匡,31119561
追风筝的人,为什么忠诚善良的人反而遭到这样的结局，面对阿米尔的污蔑，他和阿里选择离去。当房屋需要他时，他又毅然决然的选择坚守，为了阿米尔能够得到父亲的赞许，哈桑却受到那样的凌辱，换来的却是懦弱的阿米尔的回避，身份，阶级，好可笑的头衔，生命与忠诚在那些虚无的名誉不值一提。犹如草芥浮萍.... ,linn,629521767
追风筝的人,touched how can he write a book just like tell a story?,安东尼,13174887
追风筝的人,一般般。炒作的恶心,拔刀诀,182606394
追风筝的人,过誉,毛香菇,150923107
追风筝的人,①故事残忍，笔法温细。②哈桑的无我，阿塞夫的残暴，拉辛汗的洞察，索拉雅的包容，除了作者似乎他们都只有某一面。③不止一次想起喀布尔安魂曲。,大头绿豆,866144660
追风筝的人,"追到的只有自己的过去
救赎的只有自己的现在",胡安叔叔,260100688
追风筝的人,看了一大半，我想我不会继续看了，卡米尔已经让我十分生气，十分生气，well，我甚至觉得自己一开始不该喜欢作者的小笑话，以及作者让我想起了自己在掩饰的懦弱，非常可恨。,砒霜拌饭,525736899
追风筝的人,两年前，我在美国上一门英语课。坐在我旁边的男孩就来自阿富汗。当他用英语说出这个名字的时候，我们都以为他穿过重重战火和历史的沉疴而来，身上闪耀着神圣的荣光。而他，只是一个普通的阿富汗男孩，好像天空下奔跑着追风筝的人。,赫恩曼尼,1036294715
追风筝的人,非常好的一本通俗小说．适合拍电影的好脚本．里面有很多可贵的东西．但情节上也有些地方不可理喻．前半部非常的棒．但后面落入俗套子－－但还是感动了我．这是作者的处女作，已经非常的了不起了．,寂地,23556196
追风筝的人,翻译能不能查查字典，把‘阿富汗GCD’译成‘新政府’还情有可原，但‘阿訇’为何要变成‘法师’我实在是弄不明白。,袁牧,143204003
追风筝的人,"谁愿为我说“为你 千千万万遍”
我愿为谁说“为你 千千万万遍”",丧茶,143119115
追风筝的人,前半部比后半部好,沙子,83337243
追风筝的人,改变了我因为19：00对阿富汗20多年的曲解,不死渔夫,363515077
追风筝的人,往事会自行爬上来。,ANNXXNA,307773094
追风筝的人,“为你，千千万万遍。”我想，小说描写了一种最为诚挚的情感，而且它让你相信有些东西依然存在。在这个没有人相信承诺的年代，让人再次看到承诺背后那些美丽复杂的情感。这是一本好看的书，它让你重新思考。,九尾黑猫,397975466
追风筝的人,为你，千千万万遍。,福根儿,693413905
追风筝的人,"“来吧，这里有再次成为好人的路。”
",不识愁滋味,487038846
目送,驚醒自己：一個人不能自我陶醉成這個樣子。。。,長園花事,562155463
目送,中学生优秀作文选,makoto,466289754
目送,我总觉得，这书形式大过内容……,小米=qdmimi,270466448
目送,矫情,三个背影,176651088
目送,实在是觉得这些文字，拖沓，没有实际内容，过于华丽，矫情过头，没事找事说，这是我看龙应台的第一本书，居然让我有这种印象。。失望。。。,浅。,697661732
目送,大惊小怪的自以为是，矫揉造作的不知所云。,九色鹿,458550647
目送,徒有虚名，言过其实。,拔刀诀,211118582
目送,个人不是很喜欢这书，单独看每篇都不错，合在一起我就觉得比较腻，最直接的感想就是太矫情，不是说看不懂就是因为个人阅历没经过什么悲伤，也不是说先生的文笔不好，就是觉得不应该全部堆在一起，还有那大量的第三人称写法，真心觉得太故意。另外每三页一篇文就有一单页是配的图，不知是不是先生原配的，觉得很多都并不合适文字，我想很多人觉得这本只有280页卖39太贵也是有原因的,nikki,700820473
目送,这本书我看得很慢，除了代序第一篇就是很出名的＜＜目送＞＞。不错，感人；然后到＜＜明白＞＞，啊，挺感人的；再然后到＜＜回家＞＞，到＜＜母亲节＞＞，我看不下去了，能把这一点嚼烂到两百多页的书真是让人身心疲惫。另，龙的照片真的拍得。。。。呵呵后了,朵拉和朵拉,587366199
目送,除了第一篇的经典语句吸引我外 其他的 都略显矫情了,我才不是江湖骗子,631120575
目送,坐在美国中部大农村的院子里，几乎每看一篇，就要离开一下。文字里的感情异常浓烈，虽然用了克制的笔触。到最后写她父亲，尤其入土一节，她不再克制，而我则几乎几句话，就要移开下眼神，望望远处灰蒙蒙的天空，平复下情绪……除了感动，更是体会到生命的无奈。生命中只有几个人，对你才最重要的。,fwb,249001431
目送,"我们拼命地学习如何成功冲刺一百米，但是没有人教过我们：你跌倒时，怎么跌得有尊严；你的膝盖破得血肉模糊时，怎么清洗伤口、怎么包扎；你痛得无法忍受时，用什么样的表情去面对别人；你一头栽下时，怎么治疗内心淌血的创痛，怎么获得心灵深层的宁静；心像玻璃一样碎了一地时，怎么收拾？ 谁教过我们，在跌倒时，怎样的勇敢才真正有用？怎样的智慧才能度过？跌倒，怎样可以变成行远的力量？失败，为什么往往是人生的修行？何以跌倒过的人，更深刻、更真诚？ 
",Adiósardour,217506995
目送,对于没有密集信息点，语言不够迷人的文章真的看不下去惹。。这本比起亲爱的安德烈差好多，典型的高中语文阅读题文章。,小木心熊,808880789
目送,不能让妈妈读的书。,Amber安大倍,351634940
目送,修行的路总是孤独的，因为智慧必然来自孤独。,Yuyii,727877568
目送,龙应台实在是一个悲天悯人的人，对父母、儿女、兄妹，还有异国他乡、颠沛流离者的关爱，让你不能不觉得，她是孤独的。也许就是这种孤独，让她有了一颗更加细腻、敏感的心：“人世间大大小小的起起落落，最后还是沉寂于生活中的点点滴滴。龙应台的文笔出众，更出众的是她那份细微的感知生活的之美一颗心。”我读此书，没有太深感触，恐怕是阅历还不够丰富吧。,一凹,474069850
目送,"人生本来就是旅程。夫妻、父子、父女一场，情再深、义再厚，也是电光石火，青草叶上一点露水，只是，在我们心中,有万分不舍。",空思,737694772
目送,有些矯情,逃禪的墮葉,782321249
目送,当blog看看还行，印刷成出版物就没那么庄重了。,anonymous,1045344161
目送,我慢慢地了解到，所谓父女母子一场，只不过意味着你和他的缘分就是今生今世不断目送他的背影渐行渐远。你站在小路的这一端，看见他逐渐消失在小路转弯的地方，而且他用背影告诉你，不必追。 ,福根儿,640622465
撒哈拉的故事,予我一匹马，与你仗剑走天涯,[已注销],724720877
撒哈拉的故事,重要的其实不在于文学本身,Daneestone,168116843
撒哈拉的故事,头一回认认真真去羡慕一个人的生活。（并没有向往“你看你看，她伤害了我的骄傲”的大沙漠，也没想要去流浪）只是想到以前看精怪故事集讲两个普通人，“他们一直活得很快乐，到死都有酒喝”，要以后没有的变故那说得就是三毛，潇洒快乐一辈子，活在生活里，乐在尘世外。,筷喜旺,886336617
撒哈拉的故事,“我慢慢坐下去，好似一个君王”…用了两个课时的时间读完了，读起来才发现大部分是我以前读过的文章，但再看一次依然没有放过每一个字，所有的艰难都没有抱怨，所有的喜悦就是喜悦，尽管掺杂着更多的苦恼，但她却没有让它扫了喜悦的兴，选择了放到最后再同我们心平气和地谈起。这时候一句“吃得了苦，才尝得了甜”已经不能概括你的所得了吧:D,满 满,456102509
撒哈拉的故事,陪伴了我走过乏味青春并给予我关于漂泊之梦想的书．那个时候，甚至是现在，三毛都是一种精神的代名词．是的，她是我的精神偶像之一．,周冲,495269145
撒哈拉的故事,每想你一次，天上飘落一粒沙，从此形成了撒哈拉。,Ai-Lain,371215127
撒哈拉的故事,三毛是一个被人们过于神化的普通人。她只是活得够真，但这种真却反衬出我们这些普通人的无奈和虚伪。她和她的故事一再地在向我们提出一个困惑着绝大部分人的问题:生活，究竟该为谁而活?,哆啦C梦2.0,792365887
撒哈拉的故事,春天的雨收集了，晾干，就变成了粉丝。,腰腰,15511273
撒哈拉的故事,我想我过了读三毛的季节了。,Mars,24421908
撒哈拉的故事,在这本书里 荷西死之前 我仿佛看到了那个生动的echo 对不同生活充满了无限的期待和向往 撒哈拉这个地方不是一般意志力的人能够继续待下去的 三毛在这里发生了很多有趣的事 是人生中很宝贵的一批财富 她说 无论青菜豆腐都得尝尝 不然枉费了走这一遭啊 echo所描述的和荷西呆在一起的婚姻生活和荷西死后是完全不同的 这本书里更显生动和真实 这里有爱有情有童话 但更可贵的是还有柴米油盐 习惯了童话故事的人们在看这种有柴米油盐的爱情生活是很值得回味的 并不是所有的人都会厌恶这样的生活 也不是说爱情里一旦添入了柴米油盐就会变味 echo对于荷西就是一个精灵 她值得被荷西深爱 也值得每一个男人去追求 简单的生活 一点都不充裕的物质条件 echo却可以把她的生活安排的充满了趣味 努力而真正的追求生活的格调 ,Candice,339850523
撒哈拉的故事,过了初中就别再读三毛了，是对智商和审美的极大侮辱。神烦文艺青年。（p.s.文艺青年可不等同于文学青年╭(╯^╰)╮）,羊驼君的大眼睛,1215583312
撒哈拉的故事,12岁。从此与她纠结不清。,眠去,10391005
撒哈拉的故事,沙漠在三毛笔下很美好很梦幻般的感觉，看三毛的文字很舒服很清爽，这个时候的三毛也很幸福…,末摘花,1349346966
撒哈拉的故事,三毛的书里头最喜欢的一本。抑制不住的流泪的冲动。沙漠民族的天真与私利，还有三毛的爱和洒脱。他们怎么可以这样子。她怎么可以这样子。,幻,2964089
撒哈拉的故事,你伤害了我的骄傲,Sundance小千,60062832
撒哈拉的故事,不管别人怎么评论，这本书给了我对世界的向往，很感激它,花皮瓜,18298885
撒哈拉的故事,"你从撒哈拉来，
要到天堂去，
万水千山走遍，
只为梦中的橄榄树。
",潜水钟 不侧漏,1193661001
撒哈拉的故事,3个迷思：三毛，张爱玲，红楼梦。我真是百思不得其解，半点感觉也没有！,一一,25196613
撒哈拉的故事,确实很精彩，三毛的感情细腻文笔也细腻，真好,京京是个小可爱,1193748934
撒哈拉的故事,生命中不管是阳春白雪还是豆腐青菜，我都想要尝一尝，才不枉这世上走一遭~三毛是个奇女子，我喜欢她,小丸子,962830827
傲慢与偏见,影响当今的偶像剧、言情小说太多太多了，绝对是言情小说的源头啊……不过可惜现在的偶像剧、小说只学到奥斯汀的套路，却缺乏那一种敏锐感以及对社会的鞭挞，因此沦为娱乐的工具。以此看来，奥斯汀值得经典,Comel,476099462
傲慢与偏见,女人和男人写出来的东西真是不一样。同样是爱情，女人事无巨细的小世界，充满细碎的心理和对话描写，而站在男人的世界，无非就是爱与不爱了,ʚ袖袖袖ɞ,763966342
傲慢与偏见,女孩儿爱这本书就像男孩爱基督山伯爵一样,米兰,485361558
傲慢与偏见,开启kindle扫击名著模式。,魏小河,745943355
傲慢与偏见,误会是必然的，谅解是偶然的，相爱是偶然中的偶然。,Vamei,573401143
傲慢与偏见,现实中也许会有伊丽莎白，却不太会有达西，所以伊丽莎白会变成剩女,Jadie Shepard,750729334
傲慢与偏见,那个用求婚来表示我爱你的年代让人颠倒沉沦,方轮自行车,378591886
傲慢与偏见,不！好！看！翻译腔重！全是无趣对话！剧情毫无亮点！弃！,杨小冬。,695278750
傲慢与偏见,心心念念达西先生，却被一条点评泼得满脸冷水，她写到，Jane Austen 说过世界上没有达西生生。,树。,737703045
傲慢与偏见,受不了奥斯丁的所有小说，一堆女人男人磨磨蹭蹭叽叽歪歪，烦死了,chasca,390657935
傲慢与偏见,类似唐顿庄园。。书一般吧，没感觉多经典。两对爱情，从认识写到结婚，一年时间。一对从开始就有好感，一对从开始没好感，不过最后都幸福在一起了。有钱，有美貌。。感觉那些女人的生活真是枯燥啊，如果没有舞会，也就太死气沉沉了。。。,千山月,702897708
傲慢与偏见,"简是把所有实现不了的梦都寄托在这本书中了，
快35岁的单身身份读着这个故事，也会为书中的大团圆结局高兴，但真的也只是看看而已了。
最近看的童话故事太多，不利于身心健康。20131229",半袖,759391165
傲慢与偏见,一出场人物的各自性格都设定好了，矛盾冲突也做好了铺垫，作者就放心地设计一场又一场好戏，果然是适合改编成影视剧。印象特别深刻的是女主人公伊丽莎白特别喜欢“大叫”，见到亲人激动地大叫，看到来信“不禁大叫起来”……,邓安庆,856430902
傲慢与偏见,不过又是一个王子跟灰姑娘的故事罢了,路易思,54439487
傲慢与偏见,莉兹的独立和聪明，简的善良和宽容，搭配上她们漂亮的脸蛋儿，都是很迷人的。然而简奥斯丁太刻薄了，而这刻薄所针对的，除了那位贵族老寡妇，全是自己最亲近的人，愚蠢的妈妈，没有同情心的父亲，势利眼的表亲，放荡的姊妹…未免太无情了一点。从女人那里，你更明白爱情的发生，是建立在很多现实的条件基础之上的,石英,1001704837
傲慢与偏见,无语,海上蘭舟,35812001
傲慢与偏见,英国琼瑶！,seventime·小7,840381355
傲慢与偏见,亮点在何处..,风夜|还至本心,464290737
傲慢与偏见,达西先生是我童年偶像心中白马王子,三七莲华,508262560
傲慢与偏见,完全理解不了为什么有那么多人狂热的喜欢。奥斯丁也太八卦了。,子文东,10487274
哈利·波特与魔法石,回头再看，第一本算是光明又轻盈的。,默音,594371720
哈利·波特与魔法石,很久很久以前，遇到一个故事，故事里的男孩有个闪电形的伤疤。后来男孩长大了，我们也长大了。后来故事结局了，我们也快要忘记最初最初的那些感动了。,八月·水语,181706517
哈利·波特与魔法石,死亡不过是另一次伟大的冒险。,丹朱AI🌵,530442752
哈利·波特与魔法石,啊，要是我十年前就读了这本书，我会不会变成一个哈迷呢,梵小凡,924181888
哈利·波特与魔法石,写这本书的时候，JK这个离婚女人正领着低保，带着女儿，在小阁楼里挨冻。魔法世界是她唯一可仰仗的希望。童话怎么变成史诗？说到底，还是情怀。,动机在杭州,491602346
哈利·波特与魔法石,十年前的第一次沉迷。,[已注销],430456163
哈利·波特与魔法石,头一次出于工作需要去读一本书，却可悲地证明了，童年一旦错过就永远错过了。在一部广受欢迎的童书里，几乎找不到多少阅读快感，这到底是老了还是所谓的成熟了？说不清，于是只好泪奔……,猪头妖怪,594921824
哈利·波特与魔法石,毕竟是十年磨一剑的作品，第一部故事十分精彩而不冗余，后面一部比一部冗长和莫名奇妙。一分扣在世界观上，书中的魔法世界像是一个根本没法脱离，却硬要显得自己比麻瓜世界牛逼的装逼国度，和英国人自诩高贵的毛病如出一辙。相比之下中国的修仙者简直就是你们凡人的世界与我何干，已经牛逼到不用装的程度...,southstarj,769066257
哈利·波特与魔法石,第一次看这本书是都么让人激动,曾良君,403010507
哈利·波特与魔法石,小学看的，也是目前为止看的唯一一部《哈利·波特》的书，电影我倒是都补上了。大学暗暗想要考研后把这类书都读一遍，虽然研一还抱着这种想法，但到现在，感觉已经完全不可能了。而且看的电影还在堆积，留下的书却越来越多，我指《哈利·波特》系列、《指环王》系列、《冰与火之歌》系列、《纳尼亚传奇》系列，以及中国的诸如平江不肖生的《江湖奇侠传》，还有更重要的还珠楼主的《蜀山剑侠传》，俱往矣。随着我武侠小说创作计划的无限延异和对古龙的渐行渐远，我唯一能看完和将看完的可能也只有金庸全集了罢。而国外的则只能是把相关的电影全部看完了。那个热爱阅读的孩子现在已经不是非常热衷于阅读这些作品了，那个热爱阅读的孩子就像沛公说的一样，觉得就算是看《长城》的影评，也比看《长城》电影好，批评是文学的文学，而这些已不够满足我之文学欲,陆钓雪杜诗镜铨,1182527177
哈利·波特与魔法石,一切从柠檬冰糕开始~,闲闲圈四号,100826965
哈利·波特与魔法石,都是借老哥的书。前三本是最经典的。,Silvara澈,53813453
哈利·波特与魔法石,休憩21st.初读是高一，我觉得这本和火焰杯是七本中最杰出的，这本书写的很自在，无欲无求轻松闲适，哈系列越到后面就越写的刻意而着急，这本这样轻松的氛围很让人怀念而放松，另外有着大板牙的赫敏是那么激萌，若干次我都几乎咆哮出声，哈利，hug her!kiss her!为啥要把这样的萌物让给罗恩？这就是静香爱大雄式的才女爱笨哥们儿啊！,神威,632047550
哈利·波特与魔法石,这是童年的最美，文学的浪漫狂想，所有其他无非替代的美丽。,曼仔,151288632
哈利·波特与魔法石,梦的开启,米米米妮,444616447
哈利·波特与魔法石,童年,everythinbagel,352663874
哈利·波特与魔法石,初中老师要求，老妈帮我借来了两本，稀里糊涂看的。还是不喜欢这类西洋风格。电影也觉得一般。那个时候很多好伙伴、同学喜欢这个，我却喜欢EVA、最终流放之类。,悟仁,419627387
哈利·波特与魔法石,"形容一件事不可能,就像斯内普法发糖一样.",ocean,268436595
哈利·波特与魔法石,哈利波特系列是越写越好的，第一本真的还是挺儿童读物的感觉，我直到快30了才看了书，所以没有我同学当年看的时候的兴奋感了,只此务虚,918605000
哈利·波特与魔法石,斯内普啊，我从看第一本就觉得心疼你了啊,飞客流依,284411012
明朝那些事儿（壹）,从头到尾看到朱允炆脑子里浮现出来的仍然是徐峥的脸…………,浅苍,336445244
明朝那些事儿（壹）,如果高中的历史课本可以这样写，我也不至于历史垫底了。。。备受重默的煎熬,Lu噜,987998857
明朝那些事儿（壹）,kindle版。阅读感强是不容否认的，但口水文章太多，其实以书的形式出版前应该对文体进行统一，语言也应该再进一步梳理，没有必要保留那种过分闲散的架势。很多关键的史实如果加上注释则更好。很多经典的历史普及读物不但是语言有趣，形式新颖，其最核心的地方还在于史实相识，立论读到，轻松之余不丢严谨。从这一点讲《明朝那些事儿》还远远不足，仅可作为地铁读物。,Paradox,733414308
明朝那些事儿（壹）,读的感觉很怪异，它不能算史书，甚至连写历史的书我都不认为算， 应该归在历史小说类。书中作者自我观点太多，有点无语。 可是依然给五星，难得有人写出这么轻松易读的历史小说。。。,小亚,521645542
明朝那些事儿（壹）,这套书，当年的或蹲或坐的在书城看完的！,苏豆芽,544636667
明朝那些事儿（壹）,"读《明朝》系列我才正在明白袁腾飞所说的“读历史就是读人心”是什么。用最诙谐的语言说出最睿智的话，深深的话，浅浅的说。不过我笑点太低，好几次在上课看的时候笑喷，形而下的好书！
",沉歌,195537075
明朝那些事儿（壹）,看完后觉得朱元璋和毛某人在某些方面有惊人的相似。PS：作者也太贫了吧，我第一次看历史故事竟然能屡次笑的人仰马翻啊！！！,吴异.nova,592312704
明朝那些事儿（壹）,敢写历史的人是要有厚积薄发和一定的人生阅历的不然就无力支撑那些厚重的人和事 最好还要诙谐幽默一点 这样才会更引人入胜不会枯燥 需要的不是教科书的那种书籍 是要耐看有血有肉能够融入那些场景的书 作者做到了这一点 于是就成功了,独善其身,452727962
明朝那些事儿（壹）,当代通俗历史之滥觞，标注此本代替全套，想起来回头标这本书是因为在读顾诚先生的明末农民战争史，于是又翻出第七本对照看了下，不由气结，袁崇焕的争议没有写明不说，那种避重就轻的态度和一味心灵鸡汤的写法，真心够了，这是本可以和于丹论语心得相提并论的书，一样的蒙童水准，一样的大红大紫，一样的普世启蒙功德无量，一样的存在意义远大于学术价值,神威,466345592
明朝那些事儿（壹）,历史评书小说，强调逻辑而不见逻辑，言称分析而不见分析，花架子多了让人不舒服。,苏杭,48452102
明朝那些事儿（壹）,朱元璋的事迹说明，制度总有其形成的历史必然性，不可以想当然地乱改，没文化真可怕。,丹朱AI🌵,600774869
明朝那些事儿（壹）,深入浅出，雅俗共赏，不拘一格拆解历史，努力还原历史真相，非常好看；第一部印象最深：常遇春桀骜的作战风格；建文帝愚蠢的仁慈。,欢乐分裂,770838200
明朝那些事儿（壹）,画风还挺幽默的，但是不知不觉就越来越虐了。。。😭,荀水,1376143670
明朝那些事儿（壹）,犹记得朱元璋的人生准则，要么不做，要么做绝。,汪拾叁,449604451
明朝那些事儿（壹）,幽默爆笑，侧重写人，历史事件并不全面，可能掺杂太多个人情感，有没有夹带私货，多看点历史自会判断。,苹果派甜,1345757779
明朝那些事儿（壹）,写得太浅薄，文笔亦差，看过黄仁宇的书再看这个，就如大人瞅积木,大灰狼,449325486
明朝那些事儿（壹）,一般般,朱迪BlueJazz,507826137
明朝那些事儿（壹）,这几天刚好用kindl看了，挺有意思的，难得将历史类书籍给看完了,淡咖啡,1320056728
明朝那些事儿（壹）,其实历史就应该这么讲出来，都写的跟史记一样还不如直接看史记去呢,为中华崛起接盘,608178526
明朝那些事儿（壹）,虽细节略失之粗疏，但确实证明了可读性才是畅销书的王道,猫不许,463092653
简爱（英文全本）,我一直以为这是本小书，没想到竟然有五十万字…这其实是一部女文青的YY史，它告诉姑娘们即便你穷、低微、不美、矮小，但只要你有灵魂有心，你一定会遇见那个命中注定的老瞎子，他曾由于下半身动物的属性吃尽了苦头，现在他风度翩翩地朝你走来，然后，残了。然后你便可以借着爱的名义掌控他，骄傲地说你不需要依靠任何男人，成为自尊自立自强自爱女性的范本。叹气，写前言的译者太不了解女性心理了。,柴斯卡,454149290
简爱（英文全本）,不幸的童年给了简爱倔强要强的性格，但也给了她敏感自卑的特质。为了自己的所谓尊严，狠心离开，当重见一穷如洗、双目失明的罗切斯特时，她竟觉得两人终于平等，这看似是不计名利的纯洁爱情，实则是为了自己的心安理得。有谁看到了简爱隐藏的可怕？,乐安蓝,33050327
简爱（英文全本）,这是我最讨厌的一本书，没有之一。这是一个心理扭曲的作者YY出来的故事。,vigor绵绵熊,216736688
简爱（英文全本）,从旁人的角度看这种自怨自艾式的玛丽苏可是真心让人厌恶,御手洗街,635353649
简爱（英文全本）,最讨厌的名著吧大概是 “我穷我丑可我有尊严也值得爱” 遇到这种铮铮人格就绕道走。。,安东妮,1332409
简爱（英文全本）,女生必读难道就因为我贫穷、低微、长相平庸、个子矮小，就没有灵魂，也没有心吗？——你错了！——我跟你一样有灵魂，也同样有一颗心！要是上帝曾赐予我一点美貌和大量的财富，我也会让你难以离开我，就像我现在难以离开你一样。每次被人嫌弃就对自己说这句话,螃蟹蟹,401027029
简爱（英文全本）,一直以来，简爱的人生好像都受到很多称赞。追求平等、独立自主，然而我还是不怎么喜欢她的性格。最后因为他的残废选择了原谅，为什么要原谅呢？别跟我说因为爱，要是因为爱，早他好好的你干嘛不和他在一起？说到底也是自卑吧，他健全的时候，觉得自己配不上，选择离开；他残废后，觉得自己的价值得到体现，所以回到他的身边。。。,徐伊景,1146195183
简爱（英文全本）,文艺女青年推倒高富帅大叔的故事。为了显示爱情的纯洁，这位文艺女青年非得等这位大叔家毁人亡，瞎了双眼才和他在一起。据说在中国，很多持简爱思想的姑娘，都不幸成了剩女。,动机在杭州,491578969
简爱（英文全本）,为什么我这么不待见简爱小姐……整个一个蹭得嘞,小岩井,480105390
简爱（英文全本）,我最讨厌的外国小说之一,kathyy,12672281
简爱（英文全本）,高中时候有段时间想看“世界名著”，这是其中一本。其实就是附庸风雅，硬着头皮读完的。,偷油猫,449303103
简爱（英文全本）,一个四十岁的有钱老男人与一个十八岁的孤女以soulmate的形式相恋，而发疯的原配被囚禁和疏离，明明是自愿迎娶的，却硬要说成是被父兄和女方家set up的，同时亲生女儿只能被当做ward寄存在家里，后来还被赶到了寄宿学校，理由又是说不能确定年轻风流时这个孩子是不是自己亲生的。最后孤女仅存的叔父给了她一大笔遗产，而老男人断了手臂、眼睛瞎了，其原配又恰逢其时地死去，于是两人连物质和境遇上的不平等也克服了，可以结合，live happily ever after了。几年前或许我还会轻信这经过包装的爱情，还会喜欢上人物可爱的个性，可现在，我习惯剥离掉所有浪漫的、感人的外皮，去寻求人性的光亮与伟岸，困境中的坚守。于是，我失望了。即使是像St. John这样高大上的人物又如何呢？Jane崇敬，却疏离。,苏芒,752680555
简爱（英文全本）,小三装真爱,人到中年,987403795
简爱（英文全本）,圣约翰是一朵奇葩~,丹朱AI🌵,530441118
简爱（英文全本）,现在看来也是个落了套的爱情故事，然而写的确实神秘而诱人。。。,北溟鱼,16131351
简爱（英文全本）,不喜欢。。。很作的角色,海马,18793585
简爱（英文全本）,这是一个真正的童话．他日如果有孩子，一定要反复讲这个故事给她听,周冲,495270480
简爱（英文全本）,我们的灵魂是平等的，就仿佛我们两人穿过坟墓，站在上帝脚下，彼此平等。,末摘花,1337602001
简爱（英文全本）,中考前夜一夜读完的小说。,乔小囧,259050303
简爱（英文全本）,最早的言情小说～,祥瑞御兔,231447299
达·芬奇密码,这书不能不看，看了也就看了 ,杜边生,23990042
达·芬奇密码,觉得有点扯淡的同时又深深地相信着它。,[已注销],430455069
达·芬奇密码,前半部分很有悬念，后半部分让人“咦，原来是这样……”又是与宗教、神秘主义有关的内容，带些许邪恶和恐怖，但是到中段的时候，文字的吸引力开始慢慢减低，感觉像是有点虎头蛇尾的作品，不算太吸引，但作为畅销书那还算不错……,碧落亦然,45932970
达·芬奇密码,该说什么呢？盛名之下其实难副？,カナのフレンズ,192071094
达·芬奇密码,几年前我看的这本书。。。完全是稀里糊涂。。不知所措。。那个时候的智商理解不了这个,你看起来很美味,553737046
达·芬奇密码,第一次读这种书。作者的写作手法令人叹为观止。故事的时间轴只用了一个晚上。也就是说，整部小说的故事情节都发生在一个惊心动魄的夜晚。,伯爵在城堡,524184763
达·芬奇密码,历史的本质就是一家之言,水白色,226277984
达·芬奇密码,傻逼结尾,袁牧,64417370
达·芬奇密码,一直读到凌晨两点，那时是什么都阻止不了我读完它再睡觉。,锦衣夜行,246085167
达·芬奇密码,文艺复兴时期艺术绘画知识常识读本。。。,我累特,477759420
达·芬奇密码,在图书馆里被翻得稀巴烂的一本书，其畅销程度可见一斑。丹·布朗交叉线索推动的情节实在扣人心弦，而宗教和圣杯的话题更是神秘而危险，符号学象征意义和解密环节也十分有趣，更绝的是整个故事在作者笔下亦真亦假，关于基督教的史料和欧洲的古迹源来是极好的大脑享受。,一凹,434260520
达·芬奇密码,坏在我真不理解耶稣有女朋友的震撼性……,百野,125705133
达·芬奇密码,觉得外国的文学 在情景和气氛上铺设渲染的特别多 而中国的文学大多是靠情节来吸引人,黛安Diane,193616566
达·芬奇密码,在一个连推理小说都能引起信仰风波的年代，我们当思考自己是否装备了足够的知识去捍卫真理。,蘇默,293247373
达·芬奇密码,讀到最后發現被忽悠了，然而，丹的厲害之處就在于讓你心甘情愿的花錢買忽悠……,北溟鱼,26285772
达·芬奇密码,"国外的故事，作家依然在进步。
国内，就不说了吧",无声时代·歌姬,52298996
达·芬奇密码,呃。。。剧情不怎么吸引我，除了有点宗教悬疑在里面,zhizhong,159406558
达·芬奇密码,没有看完，当时很火,欣欣向荣,1370538638
达·芬奇密码,我读过最好的畅销类小说，把畅销小说应有的要素完美结合于一身，令人难以释卷，我原以为天使与魔鬼是丹布朗最高峰，原来不是，我发现我对智力谜题与象征性的研究的抵御力无限趋近负无穷，尽管我始终不理解，雷提彬爵士为啥不一直隐忍到最后，在谜题解开的时候再干净利落一枪一个，把圣杯文件全部带走，非要弄得自己投鼠忌器为人所擒，如果说他是为了楔石，后来他又很轻易的把楔石还给了兰登，作为一个策划若干年的老谋深算者，他最后的举动真是幼稚的可笑，最后断送了自己，不过我不是来看他的，我是来看谜题的，wow，那五环谜题真是迷人，睿智而渊博多幸福啊,神威,482514267
天才在左 疯子在右,带着了解精神病群体的期待看这本书，前几篇还像回事儿，越往后就变成鬼故事和科幻小说了，严重的被愚弄感，读书评才知道这本书最初不过是天涯上鬼话栏目的帖子而已。打着采访手记的旗号，利用精神病患的噱头胡扯，编辑和作者都十分缺德！,熊阿姨,709463990
达·芬奇密码,当时正好是读了这本书又看了《国家宝藏》，我那小小的心啊！直接阴谋论到死啊！从此就信了这世上的坏事都是共济会的错！,明羽波·秀川,593599445
天才在左 疯子在右,这是本起点小说，而不是纪实文学，如果你是一个科幻小说爱好者，会发现太多熟悉的情节和故事，过于神话精神病人了。全书都在编故事，对量子物理有兴趣，不如去看看《上帝掷骰子吗》,warfalcon,368780363
天才在左 疯子在右,这本书证明半吊子这种人最危险。,怪咖研究院长长,550111687
天才在左 疯子在右,瞎编乱造，其他领域不敢说，但我敢说高铭就心理学上连个系统的了解都欠缺，编造的色彩很浓厚，还要打着是实访记录的名义。他得采访多少个精神病患者才能挑出这么群极其个别的案例啊？多到能出一本书？他是以为所有患者都必然并且只有delusion的症状吧？最不能接受的是评分竟然这么高，还有一大堆人维护着不让人提出质疑。如果这说明是一本科幻之类的小说，我愿意给三星，但这“精神病人访谈手记”实在太特么闹心了。,Lecia,564939218
天才在左 疯子在右,8.4分！？你们读书太少，不要吓我。,柏林苍穹下,936700252
天才在左 疯子在右,这本书是作者看了量子物理简史、美剧、日漫之后的意淫，不严谨的瞎编乱造成分太重，写作水平过于随意（后来发现果然曾是网贴），当故事看是可以的，别当真事儿YY啊，被人揪辫子就拿“这个世界有很多不可解释的事情”或者“想象力才是关键”来当挡箭牌，你是中学生么？总而言之，推荐的人知识面都太磕碜了。,砚小朵™,807651550
天才在左 疯子在右,"1.“目前任职于某公司项目总监” ——请问那是怎么有大段时间定期探访病人的？2.“成年后曾一度沉迷于量子物理”——请问那为何在《四维虫子》中又说自己恶补量子物理？ 3.全书没一处说到自己采访的精神病院的具体信息，也没说到自己是经过多少次探访，如何定性分析。有的全是对话与些许动作的描述。4.过度神化精神病患者。书中一半的患者都知道自己身处精神病院，神智都很清醒，逻辑都很缜密。差别是，一半的患者被描写成多疑、神经质，另一半的被描写成傲慢不羁。
因此，作为同样死心眼一根筋的我，虽然很不想这样刻薄，但我有理由怀疑这本书的真实性。",五月的佛罗伦萨,910330534
天才在左 疯子在右,即使书中访谈的内容是真实的 大概也是读了冯内古特 看过致命id 扫过霍金 以及更多科幻科普书及悬疑电影之后疯掉的人的访谈 或许还包括伊藤润二的漫画 因为这本书中没有任何新的东西 文字也是知音体 猎奇性停留在最低等级 甚至连装帧 纸张 排版都尔尔 根本找不到任何可读点 作者在后记中已说有不少是编造 很多是真实案例 预估真实案例也是来自那些“根据真实事件”改编的电影 而编造的 则是那些虚构的国内外作品了 同是国内访谈类作品 毕淑敏和李银河的要好得多 相当失望 甚至连无聊时都不值得一读,文泽尔,504629689
天才在左 疯子在右,哗。众。取。宠。本质跟《藏地密码》这种猎奇文学一样，就老老实实上架猎奇文学当厕所读物，不要弄得跟纪实文学一样特么来误导大众好么。浮躁的人真可怕。,Sigmund Fraud,691145814
天才在左 疯子在右,有几个故事还不错，但整部文字还是萦绕着傻逼的味道,Lynn,802274210
天才在左 疯子在右,先不说是真是假，内容其实挺有意思，只是我很烦作者每一章节后的鸡汤感悟,办公室甜心,796805908
天才在左 疯子在右,猎奇意淫,中产阎王希夷子,424322500
天才在左 疯子在右,怎么可以叫访谈手记呢?明明是小说.,阿涩图,780868448
天才在左 疯子在右,1.有明显虚构成分的书请不要说成是访谈手记。 2.采访的病人都太高端，成天琢磨终极宇宙，有自己完整的逻辑和世界观，我不相信精神病人都这么极品。3.一定要当做鬼故事去读，不然看完准成精神病。,白大少爷,405232216
天才在左 疯子在右,彻头彻尾蒙事儿的书，就是小说,苏乏,292129193
天才在左 疯子在右,以小说来看待还行，出版社的无良编辑把书归结到心理学分类就有点呵呵了，一星给分类。,静静的投资,975439630
天才在左 疯子在右,从第一个访谈开始，用了两天的时间发疯版的读完，怎么说呢？意犹未尽。面对这些所谓的精神病患者，他们的思维逻辑严密到一环扣一环，从哲学到宗教、从传统物理学到量子力学，他们的关注与思辨令捧着书的正常人汗颜。我不停的在问自己，究竟是他们有病还只是因为我们想得太少、太过肤浅？究竟什么才算是正常人？就是群体的认可？那究竟什么才算是精神病患者？只是被多数人定义了的一小部分？,方方土君,441647768
天才在左 疯子在右,一个中二民哲在自说自话，写得太差。小魔仙要跟我讨论剧本，要我看这个…擦，四十几篇，把我看吐了。,橙步堂,829584189
天才在左 疯子在右,给这本网路小说打四星以上的文化水平应该不高，没看过什么硬科幻，也不懂精神分析。真以为这是“访谈录”的大约需要去治疗一下智商癌晚期。,王坏,748739559
天才在左 疯子在右,已经将此书列为甄别傻逼的重要参考之一。,塑料片,713473127
我们仨,我和谁都不争，和谁争我都不屑；我爱大自然，其次就是艺术；我双手烤着生命之火取暖；火萎了，我也准备走了． ,娅,693428110
我们仨,文革之前，中国尚有文人学者大学问家。文革之后，旧人渐卒，再无后生出。所谓“世间好物不坚牢，彩云易散琉璃脆”,去精神病院走走,712550267
我们仨,“我们只有死别，没有生离。”,进宝,773067962
我们仨,"    说实话，我并不喜欢这本书的第一部和第二部，尽管其中体现了一家三口之间的亲情和温情，可我实在不喜欢这种梦境的表述形式，感觉将原本很真的情感弄得很不真。
    然而我的确实在实在很喜欢这本书的第三部，也就是对生活的回忆这部分，朴实的叙述之中蕴含着浓浓的深情，让人不由得感叹，文字的表述根本不需要技巧，需要的是一种情感的流露，或者说，文字的技巧达到一定的高度便会仿若无技巧般，正如化妆的高境界是让人看不出你化了妆。",Sofia,234504866
我们仨,好看当然是很好看，不过杨绛刻意压抑着什么没说，却又让你强烈感知到它的存在。,莎莫吴,800891386
我们仨,这样的行文只剩絮叨，看不见一丝才气了…并且杨绛在此书字里行间透露出来的姿态也真的不太让人舒服…,倾内,358124085
我们仨,一开始不懂第二部分，于是从第三部分开始看，最后再看第二部分，才知道是用梦境的形式写钱钟书和女儿逝世前的日子。非常钦佩杨绛先生书里体现出来的克制，在90多岁的高龄，回忆已经离世的丈夫和女儿，但书里不见痛彻心扉，反而常常因一些生活中的细节感到忍俊不禁。很多人纪念杨绛先生朋友圈刷了屏，她的只言片语也成了感悟人生的鸡汤，可是，先生的学识、背景、品格，我们只不过见了冰山一角而已。知乎上有个问题“如何评价杨绛先生”，一句“不敢评”的回答拿了2000多赞，深以为然。老一辈的知识分子，哪是我们这种什么都不知道、什么都没经历过、也没见过什么大世面、更没好好读过书的人能评的？,Iris,1045796515
我们仨,杨绛一家人太聪明了，以至于在杨的笔下，三个人的小日子就是全世界，全世界就是小日子，学术对他们也不过是过日子的点缀，读写作为过日子的境界。钱钟书父女到底如何对待生活和家庭，我们其实无从得知。所能看到的仅仅是老太太一个人的絮叨，仿佛从未承认亲人的离去。哪怕他们号称“贯通中西”，这种对待生活和世界的态度也完全是帝国式的，生活里没有其他人，甚至连女婿的位置都没有。和同时代的其他知识分子相比，杨笔下的生活好像永远都是梦境，轻飘飘踩在棉花上。当然，杨绛的文笔棒极了，无可企及。,Bricoleur,986644607
我们仨,“陪他走的愈远，愈怕从此不见。”,渍,173436050
我们仨,世间好物不坚牢，彩云易散琉璃脆,2koo,20084150
我们仨,我觉得挺一般的。温情脉脉有之，作者的粉饰亦有之。,无声时代·歌姬,534554139
我们仨,四星半，感深肺腑。不愿摧眉折腰事权贵，并非铁骨铮铮，只是生性腼腆淡泊，但求尽情看自己想读的书，过平静的日子而已。腹有诗书的傲气亦并非盛气凌人，而是精神世界的丰盛，可以让他们在物质最匮乏的时期都能不予介怀。可惜世事动荡如浮萍，远离是非的三人，却仍然历经风雨飘摇。我们仨饱尝苦楚，但杨绛的记忆之笔没有昼吟宵哭，反而满目尽是幸福温馨的甜蜜时刻。钱钟书因为听说安排要和某人握手，立刻溜走回家；留洋学业繁忙占据自己读书时间，甚至想不要文凭；真是爱极了我们的老一辈知识分子的性格,发光的岩井俊七,1007115049
我们仨,我昨天刚刚看完……读到第二部分失散篇简直哭瞎，最后她写“世界好物不坚牢，彩云易散琉璃脆”，心都碎了，现在还缓不过气来。杨绛与我供职的报社羁绊极深：我有一个同事是杨绛生前最后一个、也是百岁之后唯一一个愿意接见交谈的记者；另一个同事几乎被杨绛当成女儿看待（这个是外界猜测，因为这个同事才华品貌酷似钱瑗，且同样罹患癌症。但她们只作书信来往，约定终身不见面）。以前常听她们聊杨绛的琐事，心里其实有点不喜。记得她们对我说，只要第三者一转述，老太太的言行就会显得很作，但是与本人接触时，却觉得真名士自风流，一切都很自然。看完这本书，我是信了。,德川咪咪,1045463607
我们仨,杨绛骨子里还是有点“作”的。,慢先森,888374660
我们仨,两部分文章，一虚一实，前一部以驿道比人生，客栈比寓所，道尽生离死别种种难舍，但却以虚衬实，好似一个悲伤的童话，最后相依为命的一家三口最终散失于古驿道。第二部分叙事跨度大，细节更丰富，而且是平实的回忆散文，能够窥见这一学者家庭的一些生活细节。尤其对了解钱钟书人生际遇和性格特点有很大帮助。杨绛孤身一人回忆逝去的至亲，文字中未见过重的悲伤和遗憾，透露出来的是对温馨生活的回忆，这回忆传递出阵阵温暖让杨绛的晚年不感孤寂，也让读者感叹不已。,Paradox,631462053
我们仨,这是一个“万里长梦”。梦境历历如真，醒来还如在梦中。但梦毕竟是梦，彻头彻尾完全是梦。,沉歌,102819979
我们仨,她说，我一个人思念我们仨。,眠去,13553791
我们仨,读一遍就好了，多读两遍怕生出辞工回去陪爹妈养老的冲动。,靠谱 ~,1020663871
我们仨,找一个人一起喝喝酒、聊聊天、旅旅游，易。找一个人一起看看书，难。找一个人一起看一辈子的书，相濡以沫，疑义相析，难上加难。,不靠谱小姐,436485240
我们仨,生活上或许幼稚，政治上绝对成熟。,向三峡,942404201
三体Ⅲ,大刘说书中的结尾不是他预想的那个，他预想是所有的小宇宙都归还了物质，但惟独因为程心留在647宇宙的小小鱼缸而导致整个宇宙无法重启，也就是说圣母在坑了地球坑了太阳系后，又坑了全宇宙。,半日光辉,782229239
三体Ⅲ,「你们不是向往2次元么？ 这下好了，全太阳系都2次元了。」哈哈哈哈这评论真是猛戳笑点啊...,锦衣夜行,690732991
三体Ⅲ,大刘塑造的女性都具有明显的圣母特质，但是本质上弱爆了。叶是文革的毒瘤，庄是定制禁脔，程最经典——站在圣母和傻逼的微笑曲线上。大刘塑造的男性都带有明显的缺陷但本质上极端人性化。一身痞气的小人物大史，最高情商让他活得最明白；罗辑的荒唐和不羁让他成了救世主，但也决定了他必不能善终；软弱怯懦固执的云天明，也并无理由因为慷慨和运气就得到爱啊。但我真心理解这样的人，这样的性格，这样的命运。大刘会写男人，但不会写女人。不会写其实可以不写，科幻的世界可以完全雄性化，但不要让自己成为反女性的。不评星了。,你个废物,512577863
三体Ⅲ,我实在是太烦程心了！！！,安已陌。,744314252
三体Ⅲ,请给我一片二向箔，清理程心用……,Sophie  Z,448208677
三体Ⅲ,"程心在前三分之一是地球圣母，后来人类支配太阳系之后成了太阳系圣母，最后成了宇宙圣母。如果她有一条红领巾，大概会是真货吧。
",mithrandir,710996254
三体Ⅲ,《三体》就是那种让你在读完三部之后掩卷抬头，感觉眼中的世界都从此不一样了的书。,燕仰,395130507
三体Ⅲ,程心这个爱冬眠的圣母！简直就是个绿茶婊！,双丁路原节子,784251174
三体Ⅲ,我充分认识到，无知以再美好再纯情的形象出现，其本质也是陋的、鄙的，更绝不是善！而大刘的想象力再瑰丽再壮阔，也会止步于女人。,然犀,338743007
三体Ⅲ,他单枪匹马，把中国科幻提升到了世界水平。,旺旺,838422668
三体Ⅲ,哎，小傻逼卖地球，大傻逼卖宇宙,黄青蕉,782748328
三体Ⅲ,我不是女权主义者，不过女主程心实在太弱了，为此降一星。小说里面几个男性角色都很饱满，也都有各自的个性发展，比如云天明、维德，只有程心除了弱智的善良还有什么呢。如此单薄的性格大概只能证明作者对于女性角色没有什么兴趣做深入探讨吧。,玑衡,427822393
三体Ⅲ,童话的部分真惊艳，最后有点烂尾了。圣母程心简直雷死我＝ ＝,抑郁小兔李邦妮,455127341
三体Ⅲ,第二部读完我本来以为已经没可能再继续编下去了，但居然还编下去而且写得这样好⋯⋯宇宙的尽头啊，真的是完全超越人想象的存在。非常震撼非常好看，是非常非常好看，虽然我极其讨厌程心。我觉得大刘不太会写女人。,三七莲华,524596770
三体Ⅲ,再发奋学习也写不出三体来，再狂奔也追不上大刘一小手指甲。人生不用努力了，被大刘牌智子封锁了。,修复的薄码.AVI,333078607
三体Ⅲ,真是让人无可奈何不得不打五星的书，好不容看了结局，被圣母女主角恶心坏了，继超人前传里的Lanan，程心可以算是粉丝最想掐死的女主角了吧，但是考虑到中国科幻第一的地位，没办法打低于五分。。。,恶魔奶爸Sam,601627499
三体Ⅲ,这本才是最牛逼的啊，星辰大海都完全算不了什么了啊！宇宙史诗都不算什么了啊！降维攻击都不算什么了啊！太阳系毁灭完全不是个事儿啊！没有比这更硬的科幻了……简直了……大刘请收下我的膝盖。但，也就是在这样的宇宙面前，钱学森说——“你在一个清朗的夏夜，望着繁密的闪闪群星，是否有一种可望不可及的失望？不，决不！我们必须征服宇宙。” 的确，明知不可为而为之，明知必败而为之，这就是人类的尊严，像西西弗。,一个小标点,879225026
三体Ⅲ,《幻城》 75861人读过 《三体3》5431人读过,杜边生,342928706
三体Ⅲ,歌者，长老。这是最牛逼的角色,鬼才是个处男呀,498307244
三体Ⅲ,【剧透】从前有个屌丝花光所有的钱给女神买了颗星星，女神却切下了他的大脑。多年后屌丝通过高科技复原了身体并想拯救女神的世界，而女神两次搞砸，太阳系毁灭后，幸存的女神和世上最后一个高帅富私奔了，值得安慰的是，听说屌丝也获得了一个白富美度过了愉快的一生——这真是个美好的故事啊。,榕十三,514136293
不能承受的生命之轻,zhuangbility的书不是你想读，想读就能读。,野生排骨精,556368990
不能承受的生命之轻,如果你打算只看一遍 那还是别看了,miumiu,77014721
不能承受的生命之轻,当生活变成轻飘飘的，没有值得奋斗的东西。随着生活失重，生活也就失去了意义。而只有责任才是生命的阳光，一个有负重感的人，他能带来的、所焕发的神采是生机勃勃的。人生因责任而充实，因充实而饱满，因饱满而光辉。,伊卡洛斯,403803758
不能承受的生命之轻,这是本关于空洞与虚无的书籍，书中人争取的东西，被缠绕其中不能摆脱的东西，都逐渐展开了无意义的空洞羽翼，其实情节只是载体，这本书承载了很多思辨，轻与重，欲与爱，最后一部分【卡列宁的微笑】读后有些始料未及，如果剔除它，全书依旧完整，而单纯读它，有种非常奇妙的领会感，却说不出明白了什么，这本书应该曾经也是本禁书吧，关于集权统治和供铲主义的评论真实而可怖，另外这本书虽然跻身经典范畴，但质量与知名度依旧不相称，如此之高的知名度和文艺范们对这本书的挚爱都应该来自于名字，这个名字起的真是好，既不偏离全书，又带着淡淡的哀愁和优雅，小布尔乔亚气息扑面而来。也许最开始喜欢这本书的人，和今天几万个想读或数目不少的装作已读的家伙，很大一部分都是为这个名字而来的吧，如果这本书叫做萨比娜托马斯和特蕾莎三角恋谁之过，嘿嘿,神威,540848416
不能承受的生命之轻,每个人都能在这里面看到自己的影子，我看到爱到极致的悲哀,不要焦虑浣熊妹,44955814
不能承受的生命之轻,读过了才知道那些书评全都是扯淡。,陌知,427968215
不能承受的生命之轻,终于看完了。曾一度怀疑自己的阅读速度怎么退化到如此地步，但读完才发现这书确实要慢慢消化才是。今天在地铁里硬生生就看哭了。,米粒,234813223
不能承受的生命之轻,人生就是一个异乡者的旅行，转瞬即逝，但这终究不能改变我们证明自己来过的信念，我们希望在这里留下足迹，我们希望得到“重”，轻重选择的对立与两难，构成了人类的一个基本存在境况，每个人的生活，都可以在这个哲学命题上找到印证，它与善恶无关，究竟是选择轻还是重，昆德拉并没有给出明确的答案，他只是提出了这个问题并给与了阐释。在一个极限悖缪的时代，轻与重的界限是模糊不清的，甚至是不存在的，追求意义，选择承担，并不一定就能收到预期的沉重感，反而常常导致不能承受的生命之轻，但是，这轻松之中不也包含着生命的沉重吗？或许还是那句话，人永远都无法知道自己该要什么，因为人只能活一次，既不能拿它跟前世相比，也不能再来生加以修正。没有任何方法可以检验哪种抉择是好的，因为不存在任何比较。一切都马上经历，仅次一次，不能准备。,[已注销],683015005
不能承受的生命之轻,再好的书，总会有人不喜欢，这本书我就不喜欢！,Jeff,565560403
不能承受的生命之轻,难怪高中的时候初读觉得不知所云。。这么多年以后的重读也还是有些地方没看懂（尤其是书中的历史背景对而言是完全陌生的，而且我社会学哲学的修养也不行），但就我看懂的地方来说，这本书实在太厉害了……那些“意识流”的碎碎念直直穿透了事物表象直指本质，我除了五体投地还是五体投地……等我老一点的时候再来读这本书希望能再读懂多一点……,Wunching,940396508
不能承受的生命之轻,人永远不知道自己想要什么，因为人只能活一次，既不能拿他和前世比，也不能在来世加以修正。,桃鸢有只小绵羊,412710935
不能承受的生命之轻,主角喜欢边做爱边思考人生意义~,XA™,106063675
不能承受的生命之轻,昆德拉对于“媚俗”的阐述，让我把腿都拍红了。他犀利的让人忍俊不禁，同时也刻薄的让人狼狈不堪,撒呓挣,360565815
不能承受的生命之轻,好臭屁的男人写的自恋小说。,幽篁,563523633
不能承受的生命之轻,很喜欢这本书。原本以为会十分晦涩难懂，其实读起来非常通顺流畅，译者功不可没；原本以为会写很多西方的哲学内容，如我这样的东方读者是理解不了的，却只是个普通的爱情故事，而爱情故事的发生背景，是每一个生命为获得自由而进行的永无止境的抗争。,小二佳,258255941
不能承受的生命之轻,非常喜欢伟大的进军一章中关于媚俗的话题。,汪见殊,269261391
不能承受的生命之轻,前三页读了N遍愣没读下去 但一旦读下去就读到了最后,Miffygaga,83876818
不能承受的生命之轻,每一个说自己很喜欢的人，我想问你们读懂了吗,老袁,363293461
不能承受的生命之轻,难读,Pirouette,78818540
不能承受的生命之轻,"　哲学味和文学味搁在一起一点不冲的小说，值得我读第三遍，对灵与肉的诠释很到位，带来的影响是前些年人们的力避“媚俗”，可悲的是，——
逃避媚俗本身就是媚俗。",icancu,18300381
三体Ⅱ,庄颜这个角色太苍白了（为什么刘慈欣写的女人都那么蠢），为此给神一样的罗辑降成半神……,玑衡,463940703
三体Ⅱ,真是很厉害的一本书，读到第二部的一半就已经有这种感觉了，那种缜密周全的逻辑、渊博纵横的学识和有意无意对当今人性和政治的嘲弄，还要架构在科幻的基础上，最后用相当扎实的专业知识像教科书一样掷地有声的罗列出来，我的天，这真的是缺乏想象力的当代中国人写出来的书吗？,卜卜,615347652
三体Ⅱ,高潮部分看得人鸡皮疙瘩直翻啊！他妈的，底牌埋得太好了！,黄青蕉,781162846
三体Ⅱ,维德的计划失败导致全人类最终灭亡，根本原因是他当初没有痛快的杀掉程心，罗辑能成功则是因为他和老婆分居了——大刘是高级黑吧，这是在告诉我们圣母不仅恶心人，还反人类么？,恶魔奶爸Sam,765313474
三体Ⅱ,除了文笔有一定欠缺，想象力、结构与气魄都气吞山河，令人掩卷不已，激动不止。4.5星。,艾小柯,339139013
三体Ⅱ,理科生跨行搞文艺通常都很容易被打高分，比如生活大爆炸，科学松鼠会，还有这部三体。以科幻来说，情节非常精彩了。但以小说来说，却完全没有像样的人物。所有女性角色都是“年轻，美丽，纯洁”，个个如仙女，毫无立体感。这也是国内很多男作家的通病。本来，以人性的黑暗呼应宇宙的黑暗是个很的拉风题材，遗憾的是他没有能力做出震撼人心的表达。,亚比煞,490863407
三体Ⅱ,不理解庄颜这个角色的存在意义，纯粹的花瓶。她和逻辑浮夸烂俗的感情描写，对于罗辑最后发现和利用黑暗森林毫无关系。关于她的段落看着都如同嚼蜡，且微微反胃。刘慈欣在女性描写上真的很差，品味更差。黑暗森林理论也是个争议很大的点，不过我能接受，只要别遇到大刘粉丝和我认真谈这个……水滴全灭地球舰队是这本最大的亮点，压倒性科学优势下的战争。,Roland,851830257
三体Ⅱ,吐槽点太多，庄颜那里恶心得吐了，黑暗森林丫就是个最简单的博弈论（而且大刘对此的理解是有偏差的）居然还需要罗技才想得出来为此还被追杀。。。什么面壁人计划完全是bullshit啊。真想找个学社科的给大刘补点课。,小波福娃,657557973
三体Ⅱ,大刘写女性都很傻，苍白到像二维世界的人物，但想象力当真神级,陈裸,944494112
三体Ⅱ,黑暗森林啊啊啊啊这个结尾真的是有多吊人胃口啊啊！！！好喜欢大史啊啊！！但是那个神马罗辑庄颜梦中情人那段木有的话该多好啊！！,voldemort,363848260
三体Ⅱ,宇宙景象和舰队毁灭之战的场景恢弘壮丽；但对爱情桥段的描写笨拙到家了，普通直男的粗放气息和“鉴婊无能”范儿扑面而来。,妈妈，我会在夏天开放吗？,650782996
三体Ⅱ,一直想，哎呀不如1呢，可能就是四星了。但，我承认，当看到水滴一段时，震撼得都想跪下了！！！神啊！然后就一路劈里啪啦推向高潮高潮高潮……要说唯一的遗憾，那就是结尾仓促了点。恩，继续3先。,萨库拉,418564374
三体Ⅱ,今天在理发店等候剪头发时看完了第二部，荡气回肠，不能自持。剪完出门，已是黄昏，满大街都是忙忙碌碌的人们，在我眼里都变成了三叶虫。,王贰,580630475
三体Ⅱ,"开章里就提出了＂宇宙社会学＂跨界学科名词。宇宙社会学第一公理：生存是文明的第一需要。宇宙社会学第二公理：文明不断增长和扩张，但宇宙中的物质总量保持不变。 同时还有两个重要概念：猜疑链和技术爆炸。猜疑链就好比莫比乌斯带，但是在地球上，这样的猜疑链很短，一般在第二层就可以通过交流打断，只是在整个宇宙中，因为缺乏交流以及文明之间的差异巨大，这样的猜疑链可以很长，使得宇宙文明之间缺乏信任，这就是宇宙文明相互毁灭的原因之一，另一个原因是技术爆炸。三体里所说的技术爆炸是指一个弱小的文明突然发现了另一个远超出自己且具有侵略性的文明的存在，生存的本能迫使它在短时间内爆发出其所有的潜能，原本几百年甚至上千年才能实现的科技成果被浓缩在几十年的时间里完成，因此看起来就像一次很不可思议的技术大爆炸和文明大跨越。
",Adiósardour,682249879
三体Ⅱ,1. 合上书不禁想到霍金反复强调不要像宇宙深处发出人类文明的信息，不幸的是我们一直乐于暴露自己的幼稚。2. 希望人类拥有足够的时间发展文明，将地球带入星际文明中，那一天地球文明将融入到更高级更为庞大的社会体系中，国家的概念，会随着文明升级慢慢淡化，但这天要非常之久。3. 三体系列带我入了科幻的门，下一个系列应该会是基地，或者海泊利安。大刘要是文笔再美一点就好了，但硬科幻或许不该要求这么高，已经足够好。,药师,758384343
三体Ⅱ,终于读完第二部《三体》，应该不会看第三部了。我的阅读体验可以用索然乏味来形容。,闲人,922703807
三体Ⅱ,都知道刘慈欣文笔差，可是我也真的是被俗到了，万宝路的梗不是13岁小孩才觉得酷吗。。。还有描写庄颜的时候，我真以为是描写张新苑。长发 艺术院校 超凡脱俗什么的，宅男心中的女神形象也真是让我跪了。。。,路易思,971898932
三体Ⅱ,第一部只是小试牛刀，到第二部已经足够震撼人心了。黑暗森林的理论，我想应该是正确的，无情却真实。。。隐藏好自己吧，地球人！,方方土君,426803681
三体Ⅱ,到最后竟然是博弈学和社会学......“给时光以生命，而不是给生命以时光”,彭萦,557782361
三体Ⅱ,有关庄颜的部分都挺shit的，青春期意淫嘛？,布宜諾斯,444298011
平凡的世界（全三部）,忍着终于听完，长吁一口气。“生活啊，你是多么的变幻莫测”一类无病呻吟听多了，李野墨语重心长的声音现在还赖在耳边不走。每当作者摆出振聋启聩的架势，等说出道理却不过是无谓与无根的感怀，我的耐心就被削去一层。写农村是书中最上乘的部分，有血有肉。但描述官场占据大段篇幅，人物如脸谱般单调羸弱，官话连篇难以下咽。我不赞成作者极力宣扬的价值观。人经受苦难不可怕，可怕的是对苦难的偏好。书中优秀的都市女性前赴后继拜倒在农村青年的高贵思想前，后者十分感动但是出于各种原因拒绝了她们。这是官宦千金爱上穷书生的翻版。出现一次是美好，可一个个都这样算怎么回事。作品的全知视角采取一种讲课口吻，文字似未精炼，叙述常重复，正如生怕学生忘了重点。假如你对自己的价值观延续千年没有十足把握，最好不要采取这么强势的叙述态度。,Tiger Tigris,166978649
平凡的世界（全三部）,理解不了这么高分都是怎么打的。匠气太重，自作聪明，充满革命现实主义那种莫名其妙的东西。语言平庸甚至有时做作，人物扁平苍白，冲突乱七八糟，故事七零八落，思想简直就差直接高唱一曲忠诚的赞歌。大概唯一可取的地方就是真实，可它给我的直接感觉就是一个高中生费劲巴拉地日记般把所见的毫无筛选的记录了一遍，大哥，大部头不是这样写的！！,[已注销],152097646
平凡的世界（全三部）,叙事手法平庸，平铺直叙，几乎毫无戏剧性可言；从文字到字里行间透露出的思想也是平庸之极。匠气十足的通俗文学作品，坚持读了一百多页后实在难以再读下去。真不明白八九十年代为什么会把这部作品捧得如此之高，也不明白它是怎样获得茅盾文学奖的。,江海一蓑翁,674076478
平凡的世界（全三部）,每次都是连第一本的一半都看不完就弃了，真心觉得无聊。同期的《白鹿原》和《废都》我都看得很欢乐。谁能告诉我为什么这套的评价那么高....,naoko,555968772
平凡的世界（全三部）,一个崇拜的学长倾情推荐，读完以后就再也不崇拜他了,RockyLea,132200186
平凡的世界（全三部）,应该拿诺贝尔文学奖的巨著，缺乏犀利严峻现实题材的中国，有这样的小说实在是凤毛麟角，更凸显其可贵。最难得的一点是，文笔还特别舒服。,公元1874,443408193
平凡的世界（全三部）,文学价值真的是不咋高,蓝小团,633194914
平凡的世界（全三部）,是不是我粗俗。真的好无聊,陈日,689748020
平凡的世界（全三部）,小说写得气势磅礴。作者标榜自己是现实主义，可是个人认为，这部巨著是完美的理想主义作品。,伯爵在城堡,617416452
平凡的世界（全三部）,依然记得读这本书时的震动，彼时十多岁的我正是看漫画过多对文字突然摄入无能的阶段，可这部浸满生活与存在的油腻的大部头，突如其来，矫正了我对于文字的敏感度，从此，我又能读书了，感谢它。,砚小朵™,894025134
平凡的世界（全三部）,顶锅盖说，不好看。乡村做作杰克苏。又臭又长。文笔差，情节套路严重，不明所以突如其来的抒情，主角性格特点就是伟光正和觊觎“地委书记的女儿”，yy各路美少女爱男主兄弟。整本书填充着崇拜权贵跪舔上层的瓤子，封建余毒没清干净就跑来主旋律了。,沉甸甸,1206075673
平凡的世界（全三部）,十几年前，我觉得这本书很牛逼。现在重读，整个儿就一乡村版琼瑶，如此而已。,YoungKingdom,606127519
平凡的世界（全三部）,渣,LHT,483767220
平凡的世界（全三部）,改革如能继续，孙少平的创业史本可以成为一个“中国梦”的典范（用马列文论的话讲叫“典型形象”），可惜政改的倒退和一轮接一轮的权力寻租叫醒了所有怀揣同样梦想的人。今天看来，路遥所描绘的那个“平凡的世界”俨然《新闻联播》里的世界。,路西法尔,590192423
平凡的世界（全三部）,能够改变人生的那一类书,水湄物语,670632
平凡的世界（全三部）,如题，确实只是个平凡的世界,陈毓秀,443240299
平凡的世界（全三部）,虚伪,ayi,478447886
平凡的世界（全三部）,一般吧 可以不看,流氓白相人,590683359
平凡的世界（全三部）,一直都看的很受教育，但是把田晓霞写死这点太狗血了，就好像这个天使一样的女子已经脱离了作者的掌控，作者一气之下杀掉了她一样。除了这点，以及对中国官员过于温和的描写，我认为可以给满分。,西里图,442667009
平凡的世界（全三部）,还是更能被余华的作品打动,Monlina,603414697
看见,看完我在想这不是写得挺好的吗，为什么那么多人吐槽她。后来想到也许时时自省在有些人看来也是一种做作吧。,黄青蕉,759267466
看见,我们面对同一个世界，却无法看见同一个世界。,ʚ袖袖袖ɞ,749169336
看见,2013年的第一本书，好久没有一口气不停读完几十万字了。柴静的文章，写得细致、真诚，没有戾气；不刻意煽情，却依然直指内心。她四两拨千斤的劲儿，最动人。,夏珞,611775482
看见,最近一段时间睡前都在读这本书中度过，一度焦躁，想要搁置，幸而最近几晚心里都很安静，仔细读完后面的几章节。读完想说：不要批评她的文艺腔，她写得非常真诚，在她剖析自己的文字里，我也看到我自己。收获的不仅是新闻业务上的感悟，更多是体味了人生中那些共通的道理和美好的情感。,小畅,636624772
看见,朴素有力的传达我都接受到了，很棒！大多负面评价都是哗众取宠。,沉歌,658282352
看见,在我看来，能在一本书里看到作者反思、自省和自嘲的书，就是好书。因为这比单纯犀利的抱怨、抨击、讽刺、诘问他人要难得多。,China Blu,619926050
看见,后边比前边写得好。她文艺，道德化，也上进，有反省意识，但有意思的是，如果仔细看看，在书里她引出来的，所有人批评她的，都有道理，她自己也承认，“要服务，不要表达”“不能用道德眼光看一切问题”“自我感动、感动先行是准确最大的敌人，真相常流失于涕泪交加中”“柴静是个漂亮姑娘。她自己也知道，所以老忘不了”……但她，就是不改。陈虻说，“你这个人靠语言是没用的，什么事都非得自己经过，不撞南墙不回头”，她的朋友也说她“勇于自省，永远任性。”如果说文如其人的话，为什么不从做人开始呢？”还是陈虻懂她。这是文艺女青年的通病，我自己读到阳明说“未有知而不行者，知而不行只是未知”也觉得枪中得妥妥的。“水无所起止，只知流淌，但总得流淌。山高月小，它要滴落，乱石穿空，它要拍岸，遇上高山峡谷，自成江河湖海。”最喜欢这句。,一个小标点,686481788
看见,在哪里生活都是一样的，没什么生活在别处。地铁上满头小辫的黑姑娘在电话里跟男朋友吵架，报馆里都是开会熬夜菜色的脸，咖啡馆里两个花白胡子老头对坐着看一下午人来人往……人类只是个概念，一代一代人都是相似的生活，这辈子决定你悲欢的就是你身边的几个人。,娅,619290577
看见,在这本书最火的时候没有去阅读它，害怕会是炒作。这书火的后期有同行毁它，还有说柴静关系很硬云云，我半信半疑，直到有一次看了眼柴静主持的节目，看到她的眼睛，那种被世间不公与苦难磨砺出的柔和坚定，就知道那些流言蜚语都不足取信。这书我打算买一本去收藏，这才是我心中的新闻人形象。在不懈的追求真实与公正，也让我们明白每一个看起来穷凶极恶的事或人背后都有可能有一段凄凉的故事，所谓的正义不见得就是真的正义,Freesia,730358192
看见,第二遍读完。有空再读第三遍。值得细读，值得认真做笔记的一本书。,[已注销],657569113
看见,这是看了之后忍不住想写书评的不多的书,hedgehog,624373784
看见,对柴姑娘了解不多，但是看之前就觉得她是那种特别“用力”的人，不是很喜欢。但看完这本书，还是忍不住推荐大家都来读一读。以这样的经济和时间成本获得这么大信息和情感含量的阅读交易确实很划算。,龍助,616791003
看见,读这样的书还是需要感性天赋的，不感性难得读开。那种感触，怎么说呢，就像泪水消逝在雨中。,小海,677454149
看见,看到后面觉得有一点滥情，有一点“过分有同情心”。不过我作为一个滥情的人，觉得一个控制不住想要滥情的人，其实挺可爱的嘛。,玑衡,706247243
看见,本来以为会是像芮成钢的《虚实之间》一样，一本秀优越的个人日记，不过倒真是意外的好看，大概女性的骄傲总要较男性为含蓄，不过总觉得柴静无论如何也不会是为大部分女性所欣赏的女性，你说嫉妒也好酸葡萄也罢。我们上回说起《三体》里的罗辑芮成钢演最合适，尽管柴静剖析了自我的成长，但真的，她还是活脱的程心。,王大根,672862371
看见,文艺病仍有，自省的精神真是摩羯座的好习惯。,高等游民阿朽,723452094
看见,本来说的是挺实在的事，全被那种圣母般的视角毁了，加上条目里某工业码字机器整的那一篇评论差点没让人吐出来。反复强调个体，反复强调自己的缺点和渺小，反复强调自己的痛和无力，加上之前铺天盖地的造势，我真的觉得她是在消费自己【看见】的人和事。,CharlesChou,637339629
看见,希望这样打从心底有人情味的记者和主持人多一点,小岩井,749174345
看见,柴静的节目看的很少，大多对她的关注来自于她的博客，也算默默无闻忠实粉丝那种。书中没有浮华的文字，有如当中提到的“真实自有万钧之力”，脚踏实地的东西总是很容易打动人心。文章结尾对待诸多都不曾妄下定论，留下空白让人独立思考，最终的判断是由自己完成。这些人和事就像一道光，映射出了每个人生活的轮廓。,Q。,639425795
看见,关怀时寻找准确，客观时拒绝凉薄，一步一个脚印克服局限，才走得远，站得高，问得深，摆得正。这是一个女人写的书，一个记者写的书，更是一个人写的书，这其中有一以贯之的悲喜起落，可以映照每个人的足迹。我所理解的人心不死，所指的就是这样的人心。,十三,626973645
百年孤独,每个人都是孤独地出生，在这世间恍惚几十年并不漫长的日子转眼就远去了，然后再孤独地死去。 生命注定是个悲剧，因为我们从没有融入世界，世界永远是身外之物。如果有幸，能在茫茫人海寻得一个身体与灵魂都与自己万分契合的人，与之存在一种可以称之为爱情的联系，然后一起承受生命中不可逃离不可消除的深沉的宿命的孤独。可是这般的幸运艰深难得。有的已失去了爱的能力，有的爱的深沉却无处安放，有的死在这爱里……在所有的爱里，孤独有增无减。  生命只是一场幻梦。,秋里,483029638
百年孤独,看第3遍开始越来越让我惊艳的已不是马尔克斯而是译者了。太牛逼了！这样的文字就算是母语创作也属上乘。尤其倒数第二代布恩迪亚在飓风中破译羊皮卷的全书结尾，笔触磅礴，美到让人惊怖。,PerfectCadence,817850515
百年孤独,为什么我觉得不好看呢？是不是我没文化看不懂啊！,幽篁,439815456
百年孤独,14年间中文读过5遍以上，英文两遍，被水银泻地般的语言携裹到终章时，内心的激动依然不可抑制。那感觉仿佛是亲手将一件精美而无价的珍宝摔碎在地，带着一种秘密的，幸福的震颤 ,[已注销],564422538
百年孤独,开始很吃力，越读越上瘾。 惊人得叙事与潮水版的叙事，野兽般撕开真理得外衣。  原来那句经典的开场白，源自这本书。从四姑娘的第一本书，也就开始了他的抄袭生涯。,方方土君,434652894
百年孤独,一口气读完但却没有能力评价。,[已注销],394307982
百年孤独,“奥雷里亚诺，”他悲伤地敲下发报键，“马孔多在下雨。”,[已注销],418001139
百年孤独,多年以后，面对 iPhone9，正在发送朋友圈的我将会想起独自一人阅读羊皮卷的那个遥远的夜晚。那时的我坐在书桌前，以几乎不动的姿势一页页的翻阅，眼前的文字在昏暗的灯光下像水一样流过。不可思议的是，沉浸在这由难以承受的痛苦和无法摆脱的孤独构成的故事中时，我竟然涌起了类似于平静恬然的情绪，那是一种比夜晚幽会中疯狂而短暂的快乐更平和深沉的感觉。就好像我知道人终究会老去，但在阳光打到脸上的瞬间，仍然忍不住微笑。,空气,972801592
百年孤独,一个家族百年反复浮现的竟然就那么几个名字，加西亚真的很残酷。一代又一代就像被推上命运轮盘赌后不断开出的绝望点数，以致于在最后血脉断绝的一刻，我们感到的不是同情而是如释重负。然而家族可以终结，孤独却是无视时空的永恒存在。它从洪荒流淌至今，还将延绵万世，就像南美大陆奔腾壮丽的亚马逊河，碾碎一切人事物。,同志亦凡人中文站,529298097
百年孤独,一开始我还为华丽的辞藻，荒诞的情节，冗长的姓氏感到烦躁不堪，但随着故事的深入展开，我才发现我错了。那么繁复的一大家庭，七代人的辉煌与落寞，激情与孤独，坚毅与懒惰，世俗与超脱，疯狂与冷静，就这样蔓延开来……叫人感慨的同时不禁也要叹惜一下，孤独的何止是百年,Luffyjun,569051613
百年孤独,家族谱太混乱，刚看的时候觉得：这么丧尸居然能是名著。看完以后觉得：这么丧尸不是名著太他妈浪费了...,獅,536750865
百年孤独,我的睡前读物，确实起到了很好的催眠效果，每当我纠缠于这个奥雷利亚诺是哪个奥雷利亚诺的时候就倦意袭来倒头就睡。前半本的时候还勉强能搞清楚他们家的复杂关系，后来就彻底放弃了，我已经不在乎角色之间的关系，就专注于情节好了，WELL，一些隐喻呀之类的还算看明白了。但我真是烦啊……他们家人搞得神奇的过得苦的，特别是乌尔苏拉。,Tennyson,434280357
百年孤独,大学时草草看过，这次是第二遍，顺带自制一张布恩迪亚家族谱。这本书的神奇之处在于，看完像是活了一世纪之久，一个人。,飞行官,512900870
百年孤独,费尔南达真他妈烦人,大懒糖,594128215
百年孤独,家族的第一个人被捆在树上，最后一个人正被蚂蚁吃掉。,Anrean,544035173
百年孤独,庆幸是在我22岁的时候读到，没有太晚,Gala,675961865
百年孤独,回忆没有归路，春天总是一去不返。车窗外瞬间闪过世间万象，如同将一首飞逝的长诗撕成碎片向着遗忘之乡一路抛洒。,丹朱AI🌵,530497365
百年孤独,伟大的小说便是这样，倾注了作者全部的精神和价值重塑一个世界。而人物、情节、文笔、风格不过是帮助组织架构这伟大工程的工具。原来以为会读不下去，但一开页则根本停不下来。翻译也很加分。,Caramel_Grace,805736834
百年孤独,令人恐惧的伟大小说。无法摆脱的孤独与无力，梦想与激情皆成泡影，暴风之中，只剩回忆。,李规焉,676037062
百年孤独,现在这才算是真正的读过。删了之前的短评却又不知道该写些什么。不过作者应该是很钟意不加糖的咖啡，我看过他的每本书里至少都有一个人有这种嗜好。《百》和《霍》绝对称得上是名著，也是我目前为止看到的唯一的作者还活着的世界级名著。,范进不举,506937054
三国演义（全二册）,东吴控萝莉 魏国爱人妻 蜀国全搞基,胡蝶,742603729
三国演义（全二册）,这书我看得特慢，只要出现一个地名我就想在谷歌地形图上给找出来，然后细细从战略层面揣摩用兵之道。特别是街亭之战，光在地图上找到街亭这个屯兵的小谷道就花了不少功夫，刚开始始终想不明白这个离汉中十万八千里的地方到底哪儿重要，后来研究了下才知道古时天水通长安的道路并非沿渭水河谷顺流而下，而是走官陇古道，街亭正处于古道的咽喉之处，蜀丢街亭就意味着把背后留给了魏国，腹背受敌，命都难保。总之这本书值得对着地形图细细揣摩，尤其是诸葛亮六出祁山那段。,回回馆の巴图鲁,828564621
三国演义（全二册）,这曾经是我在小学时反复阅读的一部经典。我极爱她，甚至愿意写下每一个人的名字，并且愿意为了这部小说而去读裴注三国志。一部《三国演义》，可以说是我的文学启蒙，并且让我读繁体毫无问题..别人喜爱诸葛亮，我独独对吕布、陈宫和貂蝉感到惋惜，并且唾弃张文远，这个只顾保命的伪君子..我当时相信是因为诸侯先死，所以才被极尽抹灭的：当时谁还相信这是小说呢？,文泽尔,20583768
三国演义（全二册）,我是三国控，不解释。最喜欢的一部古典文学。,伯爵在城堡,617436969
三国演义（全二册）,看三国演义，真觉得太不干净了，里面乱七八糟的人太多了，不仁不义也能被吹上天，不说跟史记比，就是比三国志都差太多了！,SWX,746705656
三国演义（全二册）,“书生轻议冢中人，冢中笑尔书生气！”,傑,657604188
三国演义（全二册）,还是古人犀利啊 信息含量太大了,chili,83787697
三国演义（全二册）,四大名著中最先看的一本书。不过当时在看时，倒不是跟着传统盲目崇拜起刘备关羽来，而是对被作者百般贬低的人物产生研究兴趣，如周瑜并不心胸狭窄，鲁肃并不平庸，草船“接”箭的是孙权，被关兴杀死的潘璋和孔明同年去世，袁绍深得民心，吕蒙“士别三日”，另外张飞有文采……,★☆☆☆☆,494774464
三国演义（全二册）,看的是再版的，好惭愧啊应该是小学时候就读的书。,不要焦虑浣熊妹,369415544
三国演义（全二册）,关羽败走麦城后，整部小说就弥漫着不可逆转的颓势。刘备的易怒，孔明的祁山，硝烟战火，王权更迭，都恍若碎纸飘零。我原以为自己在孔明殒命五丈原时会落泪，却没想到当这一幕来临时自己内心极为平静。及至武侯显圣定军山，我才真正悲从中来。汉祚已衰，天命难违。孔明说出这句话时到底怀着怎样的心情呢？,只不过是符号,1363828369
三国演义（全二册）,我觉得，是个男的，中意这本书都不需要神马理由。,镜泉,343078556
三国演义（全二册）,贾诩，高人。,大島,975341054
三国演义（全二册）,是中国人不能不看,tintin,14370549
三国演义（全二册）,哦哦，读完啦~三分归一统，众将皆拜服；“众将皆拜服”出现的频率好高,southstarj,462076570
三国演义（全二册）,重新完完整整的读了一遍。三国如此的名声，如此的广为流传，以及“老不读三国”这些话，都是有道理的。写尽了中国人的性格和喜好，我不喜欢里面的背叛、喝酒误事、对女人的蔑视、假仁假义、互相利用、勾心斗角、命若草芥等等，太多的人性之黑恶和国人之劣根性，但你也不得不佩服他把权谋、争斗、设计这些写到极致了，以及人物的两面性，“功首罪魁非两人，遗臭流芳本一身”。王允的连环计、赤壁大战这两段是我最喜欢的精彩故事典范，环环相扣、奇招迭出、妙不可言。而我印象最深的一句话是“人生世间，如轻尘栖弱草，何至自苦如此？”,牛佬,527480898
三国演义（全二册）,奉孝延寿一年，演义至六十回足矣。,匿,785709410
三国演义（全二册）,"“流星的光芒虽短促，但天上还有什么星能比它更灿烂，辉煌？
当流星出现的时候，就算是永恒不变的星座，也夺不去它的光芒。”
                                  ——三国，周郎，赤壁。
",陶者无缰,395127018
三国演义（全二册）,虽更喜三国志，但名著毕竟有其用意在。打分的时候一直试图抛弃个人情感但我真的很想掐着罗贯中的脖子说你凭什么这么对周瑜？= =#,endup 帅气地,299916417
三国演义（全二册）,无论什么时候看，都是经典,神威,464918929
三国演义（全二册）,初中时候看过不下二十遍,范进不举,537619470
哈利·波特与混血王子,当故事离开了霍格沃兹，邓布利多离开了我们，我觉得我对这部作品的感情就已经完结了。我深爱的一直是霍格沃兹，不是哈利波特和伏地魔。,葱,452854624
哈利·波特与混血王子,看到邓布利多的葬礼，我哭得不能自已……,放开那个浪味仙,32126849
哈利·波特与混血王子,"这集恋爱成份颇重，罗恩与赫敏、哈利与金妮、卢平与唐克斯、比尔与芙蓉，大概是在为最后一集塑造一些感人的生离死别吧。令人讶异的，斯内普到这集依然是那种忠奸难辨的状态。而马尔福则首次从讨人厌的公子哥个性中，开始透露些他的无奈与并非真正邪恶的性格，以及他脆弱一面的内心世界。

而故事的大魔王：伏地魔王的身世来源，在这集也有细腻的交待。每一集都要死一个重要人物的传统，这集轮到了正义一方最强大的邓不利多教授。感觉上邓不利多似乎不是真的死掉，况且如果邓不利多没死的话，那杀死大魔王的任务就不会是主角哈利波特的神圣使命了。8分。",谢之艾,919693027
哈利·波特与混血王子,个人认为7部系列里最好看的一本！如此多故事交织在一起，还能如此有逻辑，不停地感叹罗琳的脑补能力！,上世纪的云,838202855
哈利·波特与混血王子,不停地喝药水对我的伤害很大,cat,425402876
哈利·波特与混血王子,王子这本书不仅是魂器线索的开端，更是暗示了斯内普必定要作为一个罗琳深入挖掘的角色缓缓展开。甚至我个人觉得，斯内普是hp系列小说的男二号。地位仅次于hp。,[已注销],612262137
哈利·波特与混血王子,"第六部,我恨!我恨!我恨!应该是最最好看的一部,我却还没有看就知道了""混血王子""的身份,5555555~后来我告诉了更多没有看过的人",甲🌈,13363187
哈利·波特与混血王子,这没什么可难过的，邓布利多会变成白袍回来的。,⚪️HelloThere🔵,1125975533
哈利·波特与混血王子, “人们容易原谅别人的的错误，却很难原谅别人的正确。”,モモ,841786526
哈利·波特与混血王子,"第一本此系列看不下去的书。
估计真的是年龄段不对了|||",深津奈留,257585887
哈利·波特与混血王子,我始终不讨厌斯内普。。,默音,598714140
哈利·波特与混血王子,如果我最终会真正爱上这个系列，那一定是因为这一本。,魏知超,219039978
哈利·波特与混血王子,"作为一个披着奇幻皮的成长故事，邓布利多最终的死亡是必然的（不在乎剧透了反正大家都知道=_,=），他的形象在之前五部中被塑造得无所不能，甚至在第五部——还有第六部的前半中，拥有远比最终反派伏地魔更为强大的形象。这也正是为了完成哈利的成长，他的死亡——亦即权威的消逝——变成了不能不完成的仪式。而罗琳的写作习惯已经变成了彻底的悬念先行，所有无聊的拖沓的琐碎的细节——甚至刻意到一眼能看出违反人物一贯形象的设计——都是为了最终反转的悬念服务。所以最后五分一的反无间必定会在最后一部再反多次。",流空破刃,360103698
哈利·波特与混血王子,高三时的夜晚偷偷地看。我妈还以为我在学习学习的说。,不缇,386456908
哈利·波特与混血王子,2009.02.12.是故事最完整的一本。当时我真的没想到斯内普会是混血王子，我也从没相过邓不利多会有死的一天，马尔福也不算太坏，还是有点良知的。,Neroat,1633945396
哈利·波特与混血王子,赫敏跟罗恩是如何在一起的呢？,丹朱AI🌵,530443471
哈利·波特与混血王子,这本是七部曲中最令人绝望的一本，其他的不论如何结局都还会留下希望，可是随着邓布利多的死去，和斯内普令人绝望的背叛，都在结局画上了一个巨大的问号，面对强大的伏地魔，连七年级都没读完的哈利如何在没有父辈们的支持下去和他对抗呢？当时心中的忧虑很是折磨,新西兰孙小社,481066038
哈利·波特与混血王子,即便到了大战前夕，重要人物死亡，主角面临人生拐点的第六本，罗琳还是不紧不慢地描写着魁地奇，该来的节日还是得庆祝，该上的课还是要上，因为这套书写的不是故事，而是另一种生活。不是哈利如何大败黑魔王，而是哈利这几年如何成长。,陆小包,1247312195
哈利·波特与混血王子,每到暑假就忍不住重温一下。。,盐少点儿🍑,146786955
哈利·波特与混血王子,我挺喜歡這集的=   = ,大佑,216137423
人类简史,作者很年轻，博览群书，对几乎所有学科发展到当代的基本理论和观点熟谙于心，也敢说，因此，这本书并未提供任何新的和独到的观点，只是一份讲稿，.所谓“简史”并不是史学，而是他串起自己世界观的线索。但他提供了一套完整的“当代人”的价值体系，而且政治正确，内容丰富，语言生动，一个年轻人如果知识比较零碎，读这本书再适合不过了。,danyboy,866436669
人类简史,前几章的观点很刺激，后边就水了。,琬琰斋,911374090
人类简史,作者认为人类（智人）的发展基于两个能力：1、虚构故事的能力。（认知革命，从而带来农业革命。）2、数字化的能力。（从而带来科技革命）。另外，虽然作者始终在小心翼翼地遮掩着他立论的基础——演化论（以免被人指控为纳粹），但是他藏不住的是由演化论导致的虚无——超人类终究会取代智人，我们只是万物演化进程中的意外，我们为吉尔伽美什计划成功的倒数计数，就是我们距离坟墓的步数。,司空羽,888607390
人类简史,"2014年度最佳历史通俗读物《人类简史》，从生物学的人类演化，到历史学的社会理论，最后到心理学的幸福感，用不到40万字回顾人类发展的关键进程，刷新你的世界观。最让我印象深刻的几个观点，一是”社会秩序都是由主体间的想象所建构的，语言和文字补足了人类基因中缺乏大规模合作的生物本能“；二是”历史从无正义，秩序既不中立也不公平“；三是历史的大方向就是文化的全球融合，包括经济、政治和宗教，单一并非同质。值得一提的是作者对佛教、伦理、科学都有深刻的洞见，尤其是对‘人类中心主义’的揶揄随处可见，例如食品工业、消费主义和资本主义的批判。
",glacial7,887494556
人类简史,加长版知乎答案。,礼士路西岛秀俊,1015102145
人类简史,读了四分之三，可以弃了。这是一本典型的「干货」书，用最简单轻松的方式先抛出来各种观念，再挑选历史做例证，很像杂志文章的写法。但是一本四百多页的书，顶着这么大的名头，整个推理过程都弱到令人吃惊。这本书不会给人什么思辨上的教育，也不好意思去摘录引用做论据，就是个藏得很深的机场读物。,熊阿姨,1148367972
人类简史,人生没有意义，佛教还是人类唯一出路，这就是重点,rul,910203414
人类简史,立论太偏，论据太弱,丁丁虫·戒豆瓣,936304661
人类简史,看《三体》的同时看的这本书，不经意间发现两本书形成了某种互文，当然这种互文更强调的是对我所造成的震撼的一致性。实际上这本书在某种程度上是对人生三大问题的解释，然而解释完之后只会让人感到无助和虚空。,不勒个二,935898014
人类简史,如果说之前很多历史书是鸟瞰地球的话，这本就是在卫星上看这个世界。,白色的蓝💎,904421307
人类简史,Jared Diamond后继有人，实在令人兴奋。76年出生的学者啊，起码还有25年可以产出优秀的作品。这本书最差的是北大历史系教授高毅写的序，明显没读懂的样子，看来是超出了历史系传统的研究范围，还不如让我来写。,farrell,894731964
人类简史,前半部分很颠覆，后面就一般了。,拔刀诀,922336150
人类简史,没期待中那么好。主要问题是证据到结论的推导太轻松了。越靠近近代结论越多证明却越来越少。,小护士毒舌猫-虞兮虞兮奈若何,889091179
人类简史,觉得应该列为高中历史课辅助读物,Jonko,919638508
人类简史,非常不错的一本社科书，涉及丰富的考古学、生物学和历史学等专业知识，但没有专业的晦涩而是通俗易懂的。全书看下来，感觉自己作为一个人类一路跋涉了十万年。作者视野开阔，逻辑清楚，文字风格异常生动有趣，译者文笔流畅如行云，全书都很吸引读者。推荐给对历史和考古感兴趣的朋友。,meiya,882460121
人类简史,这书真的是越读越觉得立论太弱证据不足，充满了猜想以及故作惊人语的表演性质。且导向性太强，一没留神就被带到卢梭那道上去了。,岚大爷本人。,967343501
人类简史,这应该是不止是历史，而是博物学著作。宏观的视角不仅联系起生物物理经济政治社会哲学等等各学科，更超越了人类中心观念。如果你在任何一个学科领域有参悟不透的问题，我想阅读此书就能找到一个清晰化你的疑虑的指向标。比如我一直以来的疑问就是理性与天性的矛盾，神话存在的深远意义，我想了那么多年，居然在这里找到了农业革命指出的解释。我一直说这本书就像“外星人保罗在地球考察后的研究论著”，因为它的趣味性十足，就像当初读哈利波特一样开心，如果你记得活点地图和双胞胎，就知道它读起来是什么感受，至少是前半部分。后半部分的沉重，在于时间没有抹消掉人们经历过的苦难，而不是书籍本身的行文变化。我好爱这位作者。,Eve|Classified,979896796
人类简史,可能是一年来读过最棒的历史书。几乎涉及所有关于人类的重要话题，我至今许许多多关于人类的思索和知识的片段，被作者用一本小书串联了起来了。,图画爸爸,907906497
人类简史,这种东西就是精神鸦片，不用动脑子的时候看得很爽，动点脑子的时候就觉得到处是扯淡。所以呢，这种书就是适合脑袋轻松的时候从头看到尾，随时保持“哇”“哦”的姿态。,SWX,1176622425
人类简史,此书打分这么高，就是怪咖了下人类历史，显得新颖些批判些，其实谈的问题都不能算正确，有些连常识都没有。,叶杉,918307551
黄金时代,"那一天我二十一岁，在我一生的黄金时代。我有好多奢望。我想爱，想吃，还想在一瞬
间变成天上半明半暗的云。后来我才知道，生活就是个缓慢受锤的过程，人一天天老下去，奢望也一天天消失，最后变得像挨了锤的牛一样。可是我过二十一岁生日时没有预见到这一点。我觉得自己会永远生猛下去，什么也锤不了",小岩井,554511784
黄金时代,跟余华的小说不同，王小波笔下的人物更多是唯心的，虽然遭受到文革的政治环境压迫，但是在黑暗中总能够找到自己内心所渴望的力量，正如网友毕羽所说，“黄金时代的真正寓意在于，有两个人终于找到并确立了终身的伟大友谊，无论人世如何摧残也无法改变，而世界上无数的人一生却都活在寂寞或虚伪之中。”在某种意义上，王小波是超越了当代其他文人而存在的。,一凹,496523898
黄金时代,中学读小波对于一个人的三观塑造有巨大影响！,Paradox,505315458
黄金时代,那一天，我二十一岁，我一生的黄金时代。我有好多奢望。我想爱，想吃，还想在一瞬间变成天上半明半暗的云。后来我才知道，生活就是个缓慢受锤的过程，人一天天老下去，奢望也一天天消失，最后变得像挨了锤的牛一样。可是，我过二十一岁生日时，没有预见到这一点。,公元1874,639355292
黄金时代,"陈清扬极力想把性与爱分开。拍在她屁股上的两巴掌，让她放弃了所谓的“自尊”，爱上了王二这个混蛋
",小红帽,418470498
黄金时代,我只能抽自己耳光了，现在才看王小波的小说。太他妈的好了。,白墨,348823871
黄金时代,能把做爱这件事情写得如此淳朴坦荡的，也就王二一人。,lisa,472706851
黄金时代,看完全书印象最深的就是陈清扬回忆王二亲自己肚皮，“好危险！差一点爱上你。”还有比这更可爱的桥段吗？！,小小日葵,1096877420
黄金时代,黑色而幽默，特立而独行，一把独立思考的匕首，扎进时代荒谬的肺中。,芦哲峰,615688200
黄金时代,革命时代伟大的打屁股友谊。,Dr. ChaLove,297842182
黄金时代,想不到人生中还有第二本与《麦田里的守望者》一样，十分有名，十分叫座，但我无论如何都无法喜爱的书。,沈是,925883145
黄金时代,"王小波该是个有趣的人，多黑暗的年代偏写得这么喜感，但两人相处细节部分又觉得他真是天才，写得出糙也写得出美。性很动人，情感挣扎很动人，最后终于承认的爱也很动人。PS,看全文实在太顺溜实在让人以为作者信手拈来，后来看他自己的评才知道这故事写了二十年，果然状似不经意的作品原来最费心力。",已注销,565143861
黄金时代,洗炼，洁净，浪漫，迷人,周冲,495278300
黄金时代,“在那一瞬间她爱上了我，而且这件事永远不能改变”。 ,眠去,65557953
黄金时代,王小波的书值得反复阅读，在90年代写下这些作品，想必定是顶着很大的压力，他是完完全全的“另类”，生错了时代，生错了地点。王小波说“我们的生活不应该是我写的那样，但实际上，它正是我想的那样。“在我们身边全是虚假的商业艺术，满满的铜臭味，王小波才是真正的人民艺术家！,august,602442654
黄金时代,那只破鞋虽破却不破，到最后似乎破鞋破的理所应当，破的无所顾忌。而穿鞋的人却退步挪腾起来。所以，那个时代，没有合适的尺码，只有空洞的均码可以选择。,Kris™在路上,430284275
黄金时代,1、他对女士们爱得深沉 2、他可真够自恋的 3、有点像曹雪芹一丝不苟地追忆童年的荣华富贵，王小波巨细无遗地回顾着他上过的姑娘 4、真·欧式文艺片：动乱的年代里用做爱来逃避一切，做到对青春的回忆大部分成为#SM学# （弥天大雾）,柴斯卡,913021077
黄金时代,当黄书看的,jiaqi,347743032
黄金时代,本来是4个星星，又因为交待和破鞋陈清扬的态度端正，外加一颗！,阿坤,511234435
黄金时代,虽然有抄袭《小时代》的嫌疑，但是还是一部特别棒的作品。（书评不删，不改。因为这条书评给我发豆油的一律视为傻逼）,范进不举,533124361
鲁滨逊漂流记,小时候非常痴迷的书，很喜欢鲁滨逊漂流到岛上后一次次的从破损的船上寻找可用的东西和他在岛上的生活，来来回回看了很多遍，我也不知道为什么。,Cokaiamfine,850707652
鲁滨逊漂流记,在山里，昏暗的摇摇欲坠的灯光下，土房子里连电视都没有，读这本书,Amberose,241800176
鲁滨逊漂流记,我小的时候最喜欢幻想漂流到荒岛……,[已注销],60533647
鲁滨逊漂流记,从此对探险和旅游着迷～,我爱阳光•月心,23010536
鲁滨逊漂流记,其实……真的就是一本流水账,陳蘇蘇二逼人生,187886383
鲁滨逊漂流记,难得的小时候就读的书，知道我读完这书的梦想是什么吗？我也想漂流到一个岛上，带着这本书，过上鲁滨逊的日子，甚至他终于离开孤岛回到本土我还觉得可惜。而小时候我竟然能对着这本书里鲁滨逊后期的田园生活满怀憧憬的咽口水，但是不经意间，小说前半段鲁滨逊吃得苦和星期五两人一起奋斗造船造房子的经历在潜移默化间更加的影响了我吧！,米兰捷,1196405251
鲁滨逊漂流记,如果人处于的关系网因为一次漂流而断裂，人只为了生存而生存的时候，生存的意义在哪里？,赫恩曼尼,551999433
鲁滨逊漂流记,小学时候看的，这也是蛮影响我今后思考方式的一本书,[已注销],325794654
鲁滨逊漂流记,试问一个人在荒岛能生存多久？鲁滨逊太了不起了！,末摘花,1360037067
鲁滨逊漂流记,当时还小，没觉得自己过有啥区别,Nobervem,67754617
鲁滨逊漂流记,从小就喜欢这种从零开始创造的故事 好有画面感,[已注销],521707007
鲁滨逊漂流记,中小学生必读书目……,马自挂,184053196
鲁滨逊漂流记,一部总是被我想起的作品~,≌菩提风花,16240188
鲁滨逊漂流记,没有星期五的无人岛，孤独深深喂养我,syron,683973510
鲁滨逊漂流记,重读了一遍，我承认，我是来看JQ的,茜,298147480
鲁滨逊漂流记,小时候的幻想,[已注销],67090485
鲁滨逊漂流记,百翻不烂,到达彼岸的智慧,4040040
鲁滨逊漂流记,也是初中时看的 都快会背了,[已注销],24752414
鲁滨逊漂流记,有趣,懒人老猫,22174783
鲁滨逊漂流记,小时候梦想可以一个人冒险,春暖花开王大拿,229085752
房思琪的初恋乐园,25岁生日这天把房思琪交付印厂，简体版2018年1月25号上市。做这本书的过程经历了很多，简体版的授权很不容易，感谢游击文化对我们的信任和配合。简体版也得到了他们的认可，除了几处极个别的涉台词语外极少删减，性描写也基本保留，奕含写的克制而干净，实无删改之必要。感谢出版社老师对这本书的爱护，尊重了作者文字。感谢李银河戴锦华张悦然詹宏志蒋方舟等老师的郑重推荐。感谢很多人，为了房思琪和更多读者的相遇。这本书值得也应该被更多人看到，是我的初衷，也是我的目标。,于北啊,1293369384
房思琪的初恋乐园,她懂得很多，说话也很深刻，但却有一种单纯感。我不知道她是怎么做到的，她是深刻和单纯的糅合体。她访谈时说：在读这本书的时候，你能感受到痛，那是真实的；你能感受到美，那也是真实的。我都感受到了，甚至能够感受到她被折磨而无法解脱的心情，这是林奕含留给我们的遗言。,令狐冲的小尾巴,1293384703
房思琪的初恋乐园,北影阿廖沙、侯亮平【被】销声匿迹；恋童癖许豪杰恢复微信公号实名，并反咬一口将不肯透露举报人信息的豆瓣告上法庭；北航博士罗茜茜时隔十二年实名举报教授陈小武曾对她及多名女生性骚扰——这些，是你朝反性暴力的实时进程，我们的#me too#远未成声势。这本书的出版告诉我们：不，你并没有选择，你不再可以假装世界上没有人以强暴小女孩为乐；假装从未有小女孩遭受强暴；假装房思琪从不存在。因为这本书属于“文学”，但不单单属于文学，它是一个承受残暴性伤害的女生，为自己提前写就的悼文；因为强暴，是人类社会有史以来最大的屠杀。读着林奕含的文字，一再想要哀叹“可惜”。但可惜这个词太傲慢、太冷酷了，终归是活人对她文学天才的掂量，对可能存在的所谓文学成就or损失的收支核算。而她经受的苦痛黑洞，这些，根本不足以抵偿。,匡匡,1293394982
房思琪的初恋乐园,简体版终于体面问世了：「一切文学，余爱以血书者。」,銀 光 閃 爍,1293481494
房思琪的初恋乐园,"台湾：
5月12日，台北市政府与台中市政府教育局宣布将要求补习班教师必须使用真名，并上网登记教职员名册。5月16日，台南市政府整合各局处联合启动行动方案，“保儿少防狼师”，此次行动方案包括全面盘点、实名落实、网络合作及服务加值四大主轴，将严格执行补习班稽查与管理。5月26日，立法院通过《补习及进修教育法》修正案，规定补习班应揭露负责人及教职员工真实姓名；外籍教师必须提出良民证；补习班人员若获知有性侵害、性骚扰等情形，有通报责任。
5月18日，总统府司法改革国是会议决议应当废除通奸罪；若因故无法立即废止，则应即刻删除刑事诉讼法239条但书，即可单独对配偶撤回通奸告诉，仅起诉第三者的条款。
你国： 
2018年1月8日，清华女生发起反性骚扰运动，消息被立刻封锁、删帖。",lajumbor,1304258307
房思琪的初恋乐园,前两天就读完了，我还是坚持原有的观点，这部小说的社会意义远大于文学意义，按文学性来说，这部作品真的算不上是一部非常优秀的文学作品。不过，读的过程中可以知道作者实际上阅读范围很广，思想很有深度，文学修养极高。作品优点明显：主题非常深刻，剖析了受害者心理，描写很克制，语言细腻，比喻新颖；只是缺点也明显：某些语句不通顺，有点作者自说自话的感觉。比喻的滥用造成词藻堆砌，反而引起反感，情节安排、叙述逻辑有些混乱，铺垫也不算成功，人称叙述角度不断变化有时会让读者疑惑，阅读体验其实不算很好。角色塑造方面个人认为伊纹比思琪成功。当然，这部作品很特殊，警醒了很多人，也让许多曾受侵害的人感同身受，如果用这些原因来评分，以上缺陷可以忽略不计，但是有些人想用这些原因来抵消作品的缺陷也实在太不理智。,贝克街221B ,1328289000
房思琪的初恋乐园,这里来说一说被大家忽视的两个方面：1.作为一部社会作品，它不只是描述诱奸、强奸的过程，同时又有溺水者扭曲的自救——即，令自己爱上老师。这种思想并未得到及时的救助。因此李国华固然应打击，但更重要的、同时也是这个社会更应当在意并实践的是：与其一昧追杀人渣，不如早一步挽救疏导受害者因侵犯过程扭曲的受害者心理及精神健康。2.在行文过程中通过文字已看出逻辑愈发紊乱与歇斯底里。这里并不是严苛地谈她的写作技巧，而是文字实际就是一种作者本身抑郁程度的写照，写作是精神病患的自我伤害。这是一本自杀倒计时，无论是读者，还是用作者经历作为宣传的书商，记者、媒体自媒体、撰稿人、网民看客，眼睁睁一遍遍见证着生命流逝，却只是口口声声说“李国华禽兽不如”大力宣扬这是一本“向［死］而生”的文学巨著。想问，人血馒头好不好吃？,寥原,1304590576
房思琪的初恋乐园,1一部深刻，优美，准确的文学作品，超乎寻常地冷静，成熟，同时又有着才华横溢的造句和直击人心的比喻。2这一年是2017年，“性侵”这个话题几乎贯穿了一年，从林奕含，到红黄蓝，再到嘉年华。“性侵”从来都不是单独存在于某个阴暗的角落，任何关于性的暴力，都是整个社会一起完成的。性的本质不是欲望，而是权力。3人生如衣物，如此容易被剥夺。痛苦是沉默的，沉默之下，有十倍冰冷的话语支撑。然而我们对他人之痛苦是毫无想象力的。4林奕含借房思琪之口，说“文学辜负了她们”。但辜负她们的并不是文学，文学是另一种形式的世界，文学其实描绘了“世界的背面”，但她们太过于沉溺文学的表面。5 林奕含的书写带给了读者身临其境的痛苦，也带给了读者文学之美的感受。她终究还是选择了离去，希望她在另一个世界，能好好睡觉，不再那么痛苦。,嘿嘿不懂你,1293378670
房思琪的初恋乐园,整个阅读过程太需要心理承受力了，林奕含真的很会写，也是真的很懂得人间的丑陋，只是这份懂得代价太大了，全是血与泪，和无数个不眠之夜的自我拷问、自我厌弃、自我洗脑，在真实与自我安慰之间做艰难的选择。书前书后那些评论是没有心肝吗？面对这种文字还他妈在讲创作技巧、比喻太多、用笔太工？每看到一句这样的话，都觉得千千万万个房思琪的苦白受了，都觉得人间不值得。希望每个无意间和自己厌弃的人产生了关联、无意间发生共谋、陷入到难以挣脱的亲密关系的人，都能迈过自厌和自恨，不用否定自己的感情，诚实本身就是一种力量，面对、接受、挣脱、成长。,曼仔,1369630759
房思琪的初恋乐园,他把文学推到在床上，在少女的身上得到极度虚荣膨胀的王冠，末了，他深情地说着那一句深谙于心已经贯彻二十多年的情话，慷慨到被自己感动。这只狡猾的狐狸躲在文学似真似幻语境里捅坏了文学洁白的床单。他没有罪，正如这世界上任何不曾犯罪的无罪者那样。他开心死了。我绝望死了。,发光的Zooey,1298722413
房思琪的初恋乐园,男人视角就是洛丽塔，女人视角就是房思琪的初恋乐园。这种把文学或者学识当作自己猎艳武器的老男人，很常见。也许一开始，他们不自知，偶一发现屡试不爽。记得大学一老师上课时的调侃，最大的流氓就是美学专家。可是这种显然是假的专家，正如林奕含采访视频里讲述的，李国华就是一个想学胡兰成但没有成功的缩水的赝品。,三风,1313545691
房思琪的初恋乐园,“这些上了讲台才发现自己权力之大，且战且走到人生的中年的男老师们，要荡乱起来是多荡乱，仿佛要一次把前半生所有空旷的夜晚都填满。”,Z某人,1293375993
房思琪的初恋乐园,假设不知道作者的新闻，这也是一本很纯粹很优秀的文学作品,雪歌,1307387279
房思琪的初恋乐园,或许是因为成了社会热点，这本书的文学性被过誉。有一些比喻很新奇，但还有很多令人费解。父母的形象很苍白，大姐姐的形象也像琼瑶剧里出来的。作为处女作确实已经展现出作者的天赋，能写出来亦是勇气可嘉。中国这样的社会对房思琪这样的文学少女是异常残酷的，因此很多时候我觉得女人不爱文学也很好，毕竟中国文学（尤其旧文学）里面可少不了那种李国华喜欢的情趣。如果我有女儿，一定不让她沉湎于哀哀怨怨的旧文学。书里面竟然没有一个成功反抗的女性，大姐姐亦是靠女性美得到另一个男人的拯救，这不由让我思索台湾社会对女性的审美是怎样的。,冬惊,1313577975
房思琪的初恋乐园,编辑推荐语：“没有歇斯底里的嘶吼”？一本描写教师性侵犯未成年人的小说，还要嫌弃“未成年小女孩”的嘶吼是“不美观”？歇斯底里的嘶吼怎么您了？如此一个歧视和消费女性的民族，在回顾女性的被性侵被碾压被控制被自杀的时候，用的也全部是消费和歧视的视线。出版社，女孩父母，“感动”的读者们。全是食尸鬼。人血馒头味道好。,孤舟蓑笠翁,1316737249
房思琪的初恋乐园,文字特别考究，很多细节都很震撼。人物塑造上，不管是李国华极端得坏，还是毛毛先生极端得痴情，都像是滤镜后面的世界。另外看了之后多明白了一点为什么青少年时期的创伤对人影响那么大，因为它可能会束缚住一个人的好奇心， 让一个青年对什么事情都不感兴趣，而是完全的沉浸在自己不能抵抗的自责和反思里。难以想象作者的父母读这本书时的心情,布袋头,1297196728
房思琪的初恋乐园,由于与期望偏差太大扣一星。因为是为控诉和抽离情绪而写的书，在小说的文学性上未免有所削减。该书的主题确实十分具有意义：强奸、猥亵少女、老师的身份为犯罪带来的便利、学生尤其是女学生所面临的困境…但有些失之大气，使用绮丽的句段使深邃凝练感尽失，而也未将华美升华到一种令人惊艳的程度，有时为比喻而比喻，为修辞而修辞，没有做到完全为小说整体服务，还有台语的语言风格让作品显得忸怩。情节不够流畅甚至混乱，且并非给人一种“出于痛苦才混乱”的感受，而有的是功底不扎实的印象。此外，用典太多且太直白显得刻凿和生硬。我们更应该把它当作社会去阅读，而非文学。,李避蛮,1352881582
房思琪的初恋乐园,读的气结、胸闷，是文学辜负了林奕含，还是林奕含溺死在了文学中？灵气美丽如猫的女子，不食烟火，遭遇了最不堪的命运，却沉溺于文字的假象，把自己再次推入火坑。真的希望从来没有这样一本书，真的希望面对人性的丑陋时，坚强一些，决绝一些，而不要如此无力。命运多是无情，只能逆流而上。,影随茵动,1307566809
房思琪的初恋乐园,很早就读过了，这书不适合从文学角度打分。结合最近徐钢的事，还是推荐没读过的都去读一读， “对他人的苦难多一点想象力”，即使生活从来不易。,Blavatsky,1341936052
房思琪的初恋乐园,每句话都要停下来做比喻，虽然她说自己痛苦，但在我看来她从第一次开始只不过是快乐又负罪又无人可诉罢了，从第一次开始她既有拒绝的权利，为什么第二次又乖乖的跑下楼去找他“看作文”。李的花言巧语和卖弄学问，恰恰是骗不懂文的女孩最管用，房小姐自认才貌双全（实有卖弄之嫌），为何“上当”。因为不仅仅是“上当”，这里面有很大的自愿成分。而她不能接受的，只是发现李乃花丛浪子，所说所做皆为哄她上床。她怎能被轻贱至此？她是文学的、高贵的、美丽的、小资家庭的，她不甘心，她慢慢说服自己从同谋变成了被害者。这其中当然有太灰暗的社会问题需要反省，但并不是谁敢死谁就有理，死对于某些人来说恰是最轻松的事。,masquerade,1353686413
1984,这是我看过最吓人的一本书。不是可怕而是深深的恐惧。,猫伯爵,300993523
1984,奥威尔表达观点的心情是如此强烈，于是，艺术屈从于政治，作为小说的《1984》，其实挺贫乏的。至于观点本身，《1984》是一个寓言，走向了极致之后，生活里总有片段可对应。而我们往往只看到了自己的碎片，感性大过理性，不知不觉地，我们自己想象出了一个老大哥，一厢情愿地认为，这是真理，这是事实，而且是有中国特色的事实。我想这是误解，奥威尔如果真的只是如此狭隘，那么，故事的发生地完全可以是欧亚国，而不会是大洋邦。我认为，奥威尔的悲观要大得多，他的1984是全世界的1984。正如戴锦华所言，“法国大革命，纳粹，奥斯威辛，古拉格群岛，麦卡锡时代的美国，法国五月风暴。是的，《1984》不是一个关于中国的预言，也不只是一个关于红色的寓言”。打通了这层关节，我们才不会是那“只想到自己”的人，而拥有了世界的眼光。,鲁闽,379911197
1984,“我写1984是为了警醒世人，不是他吗的操作说明。”🙃,是一颗菠萝,1215638131
1984,“栗树荫下，我出卖你，你出卖我。”,药师,652506519
1984,拖拖拉拉六天只看了前面一点儿，然后在看到那张纸条上写的是“我爱你”之后刷拉一晚上把后面全看完了，嗯。没有女主角加入，还是有点寂寞的呢~,已注销,867904399
1984,神作。中国人尤其适合做这本书的翻译，所有的词我们在历史上已经都备好了。,小椅子,348478258
1984,当你写评论都犹豫的时候，那他就真的来了。,少先队长,1331662474
1984,孕期看这本书是有点压抑，但确实很难放下。昨天合上书时，电视里宋祖英正在宏大的布景里唱爱我中华，恍如隔世。,alice奇境记,382271649
1984,去年刚开始读的时候强行看了几十页之后愣是没看下去，最近每天早上起床不开电脑专心看，才渐渐品读出其中之味，寓言最大的讽刺性就在于：你明明知道那是个虚构的故事，却又能在自己生活的世界里找到清晰的对照。,aaron,270516225
1984,看到“那本书”里的内容，令人咋舌，那一段完全可看做乔治奥威尔的个人政治观点阐述。这样精彩的书却被许多人只当做黑天朝黑党的工具，实在太狭隘，乔治奥威尔的担忧是根植于人性的，而不仅是对某个政治派别,掉线🌈,975238401
1984,如果一个政府没有把这本书列为禁书，它的原因一定是：觉得我们不够民主不够自由？看看这本书吧！,KAKAGOGO,1023383894
1984,最近在读《1984》解决了我一个重大疑问，以前我一直不太明白，明明举手之劳的分内之事，在衙门里为什么那么难办？明明很可以和颜悦色的教导，父母师长为什么一定要板着脸？为什么要作爱人，喜欢看别人为自己受苦，喜欢对方对自己的苦恋？因为权力的滋味很好受吧。,楚灵不吃香菜,1040406186
1984,他们的幻想，我们的历史     party竟然允许在大陆发行  ,flanuer,814623213
1984,最爱的书没有之一。迄今为止读过七遍，但是仍然还有非常多觉得困惑和不解的地方，这些疑惑是我更加深入地去了解历史和查阅资料的动力，由此也将我带到了一个更为广阔和残酷的领域，关于政治，关于人性。这本书带给我和教会我的东西实在太多太多，并且将终生受用。,鸡nim,263213772
1984,这遍读的感受在于发现：爱情和集权政治的共同点是：献身！,大人,721630264
1984,"""老大哥正在看着你""。“我们将在黑暗中相见”。一个英国人在1944年写的寓言，却预言了大量几十年后在中国发生的事情。关于人性、政治和专制。",挥雨,296704931
1984,1984在微博已经成为非法内容了,许魏洲的单眼皮,1332246554
1984,全书除了“我爱你”三个字，别的都绝望压抑至极。即使没有遇到过思想警察，也没有挨饿掉牙齿，还是在文字里惶恐不已，明明知道是虚构的，但是居然在自己的生活里找到了影子，大概因为2+2=5的情况太多了吧。,ztlpoppy,1059510040
1984,有种深刻入骨的悲凉。,川总,314112721
1984,无产阶级不是人,瑾朵朵,808965790
情人,博尔赫斯说：“人类的三个能力：记忆、理解、意志并非学究式的幻想。”随着岁月的流逝，人人都被迫背上越来越沉重的记忆负担，你可以失去记忆，但不能失去对记忆的知觉，否则你想从某个地方重新开始就拾不起来了。“它会在做梦时，在夜间工作时，在翻阅一本书或拐过一个街角时浮现出来”。只有那些真正理解了意志力在时间的记忆里耐心等待的人，才能战胜时间，在某个注定的时间“特意来告诉你，对我来说，我觉得现在你比年轻的时候更美，那时你是年轻女人，与你那时的面貌相比，我更爱你现在备受摧残的面容。” 叶芝写给至爱毛特•岗的情诗，灵魂与灵魂超越时空与肉体在诗句中对歌，岁月的沧桑在爱意下屈服。是的，只有一个人爱你朝圣者的灵魂，爱你衰老了的脸上痛苦的皱纹，爱你现在备受摧残的面容，那个人才是你值得信赖而又灵魂互赖、生死相随的真,[已注销],414590269
情人,真心欣赏不来,养气女史,596831598
情人,"想到梁文道解读的张爱玲，在说话做事之前，必先揣摩了别人的意愿，在考虑自己的做法。与年龄完全不符的老道和成熟，人情冷暖烂熟于心，理智的可怕。我觉得情人里塑造的女主角便是一样，客观冷淡的描述，好像是一个女人用冷眼看待自己的生活，感情，生死，考察打量，精打细算。她的多情是生长在无情的根基上的，所以对待情人的态度，也时常扭曲。整本书给我的感觉就是冷，结局点起了暖意，戛然而止，不让它再陷入现实的冷漠中去。整本书情节跳跃，不是我喜欢的一类书。 
",风情绝代怪阿姨,595872044
情人,我认识你，我永远记得你。那时候，你还很年轻，人人都说你美，现在我是特地来告诉你，对我来说，我觉得现在你比年轻的时候更美，那时你是年轻女人，与那时的面貌相比，我更爱你现在备受摧残的面容,你看起来很美味,510637880
情人,图书馆借的书，作者的序之前，有一个小伙留下“lover，我感动”的字样，图书馆工作人员盖了一个“污损检查”的红戳。,喀布爾馬戲團,680277439
情人,我看开头的译序说，这是杜拉斯最有“可读性的”一本书，好吧，我表示杜拉斯的其他作品我不敢再看了。我承认我比较低端。,哆啦C梦2.0,558403492
情人,看情人是因为小波,艾弗砷,130894277
情人,状态不好的时候真是不能看意识流，前一句推翻后一句，在当事人和旁观者中进进出出，来回就这一套，又不是不可靠叙述，更像是一本不确定心情的日记。实在没法假装喜欢杜拉斯，书里的爱和性爱，真有人觉得美吗。我还不如多看几本莱辛。,袁牧,658449056
情人,在各种地方都可以知道它很经典，但是我实在是读不进去,熊阿姨,10509898
情人,"王小波最推崇的王道乾先生的译笔，陆智昌的装帧，应该是国内最好的版本。就像侯孝贤的电影不存在剧透，看过改编的电影也不会影响读这本原著，文字与影像自有其语言，且截然不同。漫无边际的叙述， 跳跃性的结构，非常特别的阅读体验，同时也需要非常投入的阅读状态。文笔确实优美，但总感觉离我太远了，难以亲近。
",维城乱马,959222411
情人,标准娘炮作品 磨磨唧唧 无病呻吟 ,她还没有死,744287096
情人,后来，她哭了，因为她想到堤岸的哪个男人，因为她一时之间无法断定她是不是曾经爱过他，是不是用她所未曾见过的爱情去爱他，因为，他已经消失于历史，就像水消失在沙中一样，因为，只是在现在，此时此刻，从投向大海的乐声中，她才发现他，找到他。,李轻侯,484312065
情人,《情人》作为杜拉斯最负盛名的作品，较之其他的作品翻译的流畅度与通俗度要好上许多。爱情并不是整个故事的全部，至少不是我看到的全部——家庭，女主母亲、大哥对其的冷暴力，在我看来才是更影响其一生的“事出有因”。万事因家庭对个体的驱使而生，又因对它的逃离的而终，爱情以及其他不过迷乱那不可期的未来的风。,阿梦,760972864
情人,我猜原文一定很优美，不会像译版一样读起来有顿挫感,阖昔,16301520
情人,情人、洛丽塔、米兰之恋不愧是情爱小说并列三大巨作，风格我都不喜欢。,鹿君,394523270
情人,“我觉得现在你比年轻的时候更美，那时你是年轻女人，与你那时的面貌相比，我更爱你现在备受摧残的面容。”传说中小资们引述无数的一段话。读这本小书时，摸着自己光滑的大腿，想到几十年后衰老的容颜，心中一凉，恨不得在最美的年华死去。哎呀，我当然是说说而已。,Nanko,675937373
情人,说看懂的欢迎你们教教我你们怎么就看懂了!!!!!,RINGO,22298085
情人,"哇哇，此书更像是一首诗。而且看完全部之后，感觉开头诡异得惊艳
",小黄兔,602240755
情人,与其说小说的女主人公很迷人，不如说作者本人的气质更迷人。,伯爵在城堡,617016901
情人,我觉得给一星都是多的。神神叨叨，神神叨叨，狗屁无逻辑。那么多字那么大名声，讲不清楚一个好故事。神经病作家。,jiaon,874281359
老人与海,所欲求的是鱼，而得到的却是骨骸。老人得到了马林鱼又因鲨鱼失去了它。这就是生活。功利的人们爱看结果，尽管，结果是悲壮的。读到此间，我有理由相信你我之间分开的悲壮，只是生活。,苏宁,362840133
老人与海,“一个人可以被毁灭，但不能给打败。” ,バカ蓝蓝,233383121
老人与海,故事很好，译者文笔不好。。。类似这种经典都该去读原著，读不下去只能说你的英文亟待提高。。。别怪别的，只怪贪玩太多，读书太少。,Dreamxy,818260018
老人与海,圣地亚哥终于梦到了狮子。,品客,960579910
老人与海,刚重读了一遍。故事很简单，也很警醒，悲壮的硬汉主义色彩。老人八十多天没打到一条鱼，好不容易打到一条大鱼，还被鲨鱼吃掉了，一无所获地回来。很多人追求结果，但假如你失败一次又一次，好不容易成功一次，结果还是失败告终，你还能坚持下去吗？海明威告诉我们：人可以被毁灭，但不可以被打败！——就算一无所获，依然坚持到底。,[已注销],719306736
老人与海,看完很有食欲，我那天晚上吃了好几条鱼。【好像有什么不对,OZ,933728140
老人与海,看完还是觉得海明威是三流小说家，这本书至少可以砍掉一半。,商夏,690593211
老人与海,靠荷尔蒙写作的海明威就算一把浓密的大胡子也该归入青春写作的行列。海明威的成就应该得自他的浅薄，实际上是大鱼填补了生命的空隙。因为陆地上有一种直立行走的猴子，倘若不去海里与大鱼拔河，就会怀疑人生。,路西法尔,845194538
老人与海,说我不能理解成么,曾良君,423670248
老人与海,愈发感到外国文学应该读原版。,声音声音,707973375
老人与海,去你妈的虚无主义，老子是可以被毁灭，但是不能被打败的。,[已注销],182615681
老人与海,越是这样看起来朴素简明的文字，越是需要经过真正风浪的心灵才能体会其中奥义。看到他孤身一人两手空空回到茅棚，我也「觉得好像我胸膛里有什么东西碎了。」「我想人一旦被打败了，感觉也就舒坦些了；我从来不知道失败后竟还会这么舒坦。」,大头绿豆,1177625088
老人与海,人这可怜的一辈子，为了可笑的尊严荣耀，孤独地拼死拼活一辈子，到头来 什么都没有，也没有人能明白，只剩一副骨头。    另外，  文字无聊透顶。,花白胡子。,1077764806
老人与海,小学的时候学校让买课外读物，于是我买这本书。 原因是因为这本书比较薄，很便宜，省下的钱可以让我去打游戏！ 后来认真的看完了两遍，才发觉这本书写的真好。,本地西瓜🍞,324055483
老人与海,那句话怎么说来着，廉颇老矣，尚能饭否？,流浪の小圆头,730225796
老人与海,装出来的雄性激素,陈毓秀,443250600
老人与海,唯一一本看过不下五遍的书,汤团的帅爹,69384982
老人与海,我们或许就已经是老人。拥有一些技能和过去的辉煌，但漫漫的海洋中，似乎已经老迈。奋力一搏，可能只能够今日的一餐。悲哀？是的，如果只是看着结果的话。,Vamei,573404454
老人与海,不是我的菜，哥看不起语言贫瘠的小说。,动机在杭州,491592461
老人与海,在上班路上听完语音版。,StarKnight,889074358
穆斯林的葬礼,这本小说，曾经很风行，但时代和政治烙印太多，从整个小说的文学价值来说，没有太大意义。不推荐。盛名之下难符，它算其一,别歌,26301665
穆斯林的葬礼,披着宗教的皮，打着家族浮沉的幌子，写得还没《琉璃时代》一半好。80年代特有的矫情和小家子气。看到韩新月得绝症那段我就瞎了，一旦有了绝症的设定，一切的矫情都能显得情有可原。漂亮聪明柔弱，除了矫情没别的缺点，这唯一的缺点也被硬生生地写成文青特质。除了不受后妈待见，简直就是人见人爱完美无瑕的白莲花，多么高明的玛丽苏！敢情这就是80年代的伤痛青春文学啊。也不尽然，还有小姨子和姐夫的不伦之恋呢，这原来是棒子剧剧本啊。最失败的一点，整本书整个故事没有任何穆斯林特色，抛开民族宗教背景，故事同样完全成立。最后再婊一记此书最恶心我的一句话“穆斯林的规矩不能破，等客人走了，汉人用过的碗啊筷子啊还都得使碱水透透地煮呢”那汉人是不是可以嫌部分穆斯林体味重啊，你他妈有没有考虑过汉人读者的感受啊。,不是天才是地才,683928762
穆斯林的葬礼,"形容词用得太多了……第一烦梁冰玉的自私任性，整本书她究竟为他人付出了点儿什么？第二烦韩子奇感情上的懦弱无能，他其实除了玉谁也不爱。第三才能轮到梁君璧，她的无知和狭隘其实谈不上恶，却害了别人也害了自己。至于十全十美的韩新月基本没啥讲的价值。
",阿朴,584018964
穆斯林的葬礼,韩太太一出场的几番戏，就差点看不下去，文笔差且不提了，作者一边自顾自地赞美着美，一边又拙劣地去丑化人物，真教人难堪。,半辈子,584199273
穆斯林的葬礼,三观不正的鼻祖，居然分这么高？我的三观破碎了……,[已注销],569466302
穆斯林的葬礼,老远就闻到那股恶心的味道,李小丢,206351523
穆斯林的葬礼,矫情的文笔，扭曲的三观,maccamania,561279775
穆斯林的葬礼,文笔啰嗦，人物矫情也就算了。看到最后我终于明白为什么说这本书让人恶心了...因为我自己也被恶心的透透的,Hazel,802796829
穆斯林的葬礼,我尼玛是败给这矫情的文体了，这用词，这语言完全／彻底地影响我阅读,饭夫斯基,906858450
穆斯林的葬礼,同样是茅盾文学奖 和平凡的世界差得有点远吧,Ms_underwater,498640946
穆斯林的葬礼,你糊涂啊！胡说什么同情，怜悯 ？那种廉价的，卑微的情感能适用于你和我吗？我是一个感情泛滥、随处抛洒、随处赐予以换去别人的感激的伪善者吗？你是一个精神世界一贫如洗、仰赖别人感情的施舍的乞丐吗？你亵渎了我们之间的爱！你问我爱是什么？我告诉你：爱就是火，火总是光明的，不管那熊熊燃烧的是煤块还是木材，是大叔还是小草，只要是火，就闪耀着同样的光辉！爱就是爱，他是人类自发的美好情感，我是因为爱你才爱你，此外没有任何目的！【如果有人这么对我说的话，我甚至不相信我能有耐心等他全部说完以后再去抽他大嘴巴。。。。。。。。。。,Mr.& Miss 贝塔,614488957
穆斯林的葬礼,很努力，没天分,dumbo,755089172
穆斯林的葬礼,本来是想了解一下国内穆斯林的的历史文化，结果好似看了十几个小时的阿庆说故事= =然后看到大家都在探讨姐夫和小姨子的话题之类我就放心了……当然我觉得作者是以怀着真挚和热烈的情感在描绘中国穆斯林的，但是那瞎眼的感情线她也写得非常high，总之……真是一言难尽的阅读体验……,陈三趣,865148731
穆斯林的葬礼,本来是怀着朝圣的心态去读的，结果，越读越觉得不过是一本文笔还不错但是却有点过时的言情小说。琼瑶，加一点宗教背景，加一点手艺人情结，加一车浓到令人窒息的时代气息（= =），加更多主要人物毫无节制的自我剖白，再减去些浪漫气质，基本上就等于霍达了。人物塑造真的不咋成功，脸谱化、扁平化、莫名其妙……化都很严重，只有梁君璧算是个有血有肉的。有关琢玉、藏玉的细节很好看，还有对穆斯林生活方式、宗教习惯的描写也蛮吸引人。,某四,810688541
穆斯林的葬礼,具体情节不记得了，只记得霍达是我小学同学的妈。,喜喜,706987937
穆斯林的葬礼,比琼瑶还不如，你妹的茅盾文学奖，你妹的名著。。,将来,597711064
穆斯林的葬礼,"除却宗教与玉,不过是一篇关于爱恨情仇的亘长的连续剧.",kissdemon,97286011
穆斯林的葬礼,被看似很宏大很人类学视角的题目驴的好惨！这奇葩书快把我恶心死了！三观不正、深井冰玛丽苏、谜の双重标准、民族沙文主义，真心连三流言情都算不上。故事和思想性抓急不说，写作手法很一般，关于玉和穆斯林生活的知识也没写多少，意义何在？要说时代局限，未央歌和青春之歌也很苏很浅很幼稚，但起码人家三观健康啊，都能理解，这本什么鬼？！？！最后，尼玛作者和北大多大仇？？？,快雪时晴,802080021
穆斯林的葬礼,俺无法理解这本书的美,[已注销],563840826
穆斯林的葬礼,轴逼村炮邪教脑残养成指南,范克里夫大尉,916050373
哈利·波特与密室,厉害的作家会把物件运用地天衣无缝前后贯通，乍看是有趣的东西，结果会成为引导情节的梗。罗恩的魔杖是这样，会飞的汽车是这样，里德尔的日记也是这样。罗琳阿姨受我一拜。,傅踢踢,1096313444
哈利·波特与密室,诬陷海格打开密室并说蜘蛛是怪兽，记忆藏进十五岁的日记。顺着蜘蛛的线索，蜘蛛害怕蟒蛇，证明海格的清白塑造海格鲁莽喜爱不听话怪兽的人物形象。凤凰啄眼，戳中命门。控制金妮的灵魂，金妮给予越多，伏地魔能量越大直至能独立。密室之门的精彩回旋，整日哭啼的女孩，水槽暗道，蛇的纹身。哈利与伏地魔相似之处颇多，唯一不同的是选择。,昏金暗玉,765587332
哈利·波特与密室,我终于明白“金妮是个重要角色”这句话不仅体现在男女关系上了。邓布利多的人格魅力渐渐展现，果然是惹人喜爱的。其实更喜爱的是他把“柠檬雪糕”当成进自己办公室的口令。想起来电影里的桃金娘，书里这个果然更烦人一点。罗恩和赫敏苗头不对了哦呵呵呵呵。,我不是盆栽啊,481397258
哈利·波特与密室,电影的结构非常侦探故事，一系列的惊悚案件，却不知道是谁做的，直到最后真相大白。小说的结构反倒不那么侦探，围绕的故事更多也更有趣一点。,SWX,785604895
哈利·波特与密室,陋居是最美好的家,葱,429675424
哈利·波特与密室,把悬疑、玄幻、少年成长结合得太好了，而且又是这种全年龄向的大白话，佩服。石化的共同点还是很精巧的。用两本书来介绍主要故事结构和主角群，暑假、生日、开学、魁地奇、万圣节、圣诞节、放假，每年的重要节点，都是哈利陪我们度过的，20年后尚且有这种感动，20年前追连载是有多幸福啊。,陆小包,1233405350
哈利·波特与密室,有种哈利其实没那么厉害，只是个时代的幸运儿的赶脚ˊ_>ˋ,木由,677323327
哈利·波特与密室,这一部的败笔在洛哈特和金妮身上。罗琳对洛哈特下笔不够狠，不够讽刺，不够尖锐；而且这个人物在后续完全没有继续出现也很遗憾（医院一章不能算）——随波逐流的伪君子在时局变化的反应其实很值得一写，我甚至怀疑这个人物是罗琳主线确定后再加上的，目的是为了搅混水。至于金妮，虽然明白是为了保持悬念所以刻意不多着笔墨，但是她的这种弱化持续了好几本，导致最后忽然变成十项全能实在令人难以信服。,方轮自行车,1149827303
哈利·波特与密室,书中的魔法世界和麻瓜世界比起来简直就是弱者，火车站要在伦敦火车站夹缝里修，斜角巷一点也没有都市的模样简直是贫民窟...更可气的是，魔法世界最牛逼的大反派复活，为非作歹，麻瓜世界竟然丝毫反应也无，反倒是哈利开个飞车就惹了不小的麻烦。感觉魔法世界就像X战警一样应该属于弱势群体。可全书毫无和麻瓜的冲突太奇怪了吧。,southstarj,769066892
哈利·波特与密室,七本里最喜欢的这本。。,二月鸟语,1015363302
哈利·波特与密室,那时常常幻想自己也是格兰芬多的学生，最想学魔药学和天文学，亲眼见见独角兽，养一只猫头鹰，也想要一把飞天扫帚好打魁地奇球，去霍格莫德村喝黄油啤酒......太多太多了，恨不得那个世界的一切都去试。,[已注销],509161855
哈利·波特与密室,"和第一部一样
都是童书杰作",无声时代·歌姬,52293144
哈利·波特与密室,日记是灵魂的碎片。就觉得金妮和哈利有戏，果然有。,丹朱AI🌵,530443081
哈利·波特与密室,看了第二遍，我爱她的逻辑和想象力。,Catsoul喵魂,443276496
哈利·波特与密室,如第一部评,Paradox,497836201
哈利·波特与密室,2009.02.12.这一部细细回看，很多伏笔已经开始出现了，世界观也渐渐完整。,Neroat,1633929846
哈利·波特与密室,"那是一个时代
",日立,179005255
哈利·波特与密室,结局有点潦草。故事性依然强悍。,小海,537517609
哈利·波特与密室,小时候当时读着会有害怕的感觉,无知水也,190089787
哈利·波特与密室,最近在重读 有些只看了电影 没看书,南柚子变异成🍋,968677191
万历十五年,以古看今之极品。原来中国的那么多问题，五百年前未解决，五百年后依然未解决。谁说社会一定是进步的？,公元1874,545424738
万历十五年,用张居正申时行讲政治 用海瑞讲经济 用戚继光讲军事 用李贽讲思想界 线索一气呵成 事实充分 见解透彻清晰。看带学术性质的书会有点费劲 看的很慢 会想很多 但是收获很多 感觉这本书给 中国历代政治得失打了基础。,小木心熊,640776985
万历十五年,给三星会不会被喷啊，但的确有点通俗学术莫凌两可，如果没有《明朝那些事儿》系列做对比，不行没有那个我也读不懂这个，好多例子没有背景，单读我也读不出个所以然来。作者应该是想剖析那一年的一个由盛至衰的转折吧，但却是着重介绍了几个历史人物，有文有武，年代跨度不明确，还是不明白这年到底咋了,小晨,581401703
万历十五年,纵观全书，每位人物都力图转变，却都陷入了一个怪圈——被文官集团钳制，以致整个王朝发展在万历十五年几近停滞。“以史为鉴，可以知兴替。”,老泰瑞,541993860
万历十五年,以几个万历年间的人物命运做出发点大局观的对明朝乃至整个古中国的文化政治制进行刨析。果真不是那么简单啊。依赖模糊的道德坚持儒家的人治而非法制。导致社会接近扭曲无法最优化。这种古怪脱节的体皇帝也并不是万能的。再，黄教授的大历史观确实让人开拓视野。书写的作为历史读物来讲也一点都不乏味。,海孩等pk14,549144967
万历十五年,读明史，我是越来越憎恶知识分子和儒家了,陆大鹏Hans,820895319
万历十五年,当一个人口众多的国家，各人行动全凭儒家简单粗浅而又无法固定的原则所限制，而法律又缺乏创造性，则其社会发展的程度，必然受到限制。——对这句话印象深刻。,大-燕-威-王,166148736
万历十五年,自由之说，于人而言确为奢谈；命运之枷，帝王 能臣 名将 宿儒皆是囚徒。,断见,576468579
万历十五年,这样的书读一本，远胜简单的历史故事书看十本啊，不仅了解了文化政治制度的症结所在，人心被制度的扭曲，更是学习了一种大视野看问题的思维。绝赞推荐！,小岩井,957804369
万历十五年,此书之热，叶公好龙者与有力焉。,一晌贪欢,27645731
万历十五年,因个人意愿和作为制度产物的身份相冲突而选择消极怠工的皇帝，胆大如天手腕强硬却死后被清算的前首辅和处事温和以和为贵的现首辅，清正廉洁但与现实脱节的官吏，军事才能出众却敌不过重文轻武现状的总兵，自封异端自相矛盾的大哲学家，是这历史失败总记录年鉴的主角们，技术不能展开，财政乱作一团，军备只按最低标准，以道德支撑半瘫痪的法律系统，大明帝国的覆灭实为必然。然而跳出1587来看，似乎年年都可称得上大失败。,失意的孩子,1016100890
万历十五年,缺乏对数目字和其他以清晰为特征的技术的掌握，而寄希望于用简单的道德纲领推行于日渐复杂的社会现实，甚至不惜压抑社会局部的开放和发展来阻止复杂度上升，以维持理想中简单淳朴的民风。在旁无强敌的封闭世界不失其合理性。,槿生_SARAH,891559920
万历十五年,黄仁宇的书有个特点：你从他的叙述中很难说他是左是右，或者更准确地说，左右双方都能从他的书中看出很多东西来。作为一个搞历史的，能做到这一点确实罕见。另外，这书文脉比较曲折，想看明白作者到底在说啥不是很容易。,newleft,639761601
万历十五年,名气极大的一本书，但并非十足的学术性历史著作。黄先生采取的写作手法在此书面世的年代里堪称少见，也恰恰是因此而使它引起了许多人的注意。从内容上来看正如作者自己所说，贯穿其中的就是他的所谓“大历史”的观点，并且由点至线、由线到面地将人物与史实衔接起来，最终放眼于历史发展的规律与特点。这种类型的历史类书籍很适合大众阅读，可以说在专业与非专业之间找到了平衡。,润物,248835544
万历十五年,崇祯是个好皇帝。谢谢高育良书记推荐。,朱老板,1269606097
万历十五年,我很喜欢黄仁宇“大历史”的观点 历史上的每一件小事 看似平常 但前后必有连结 大的变革一定是弱小变动的累积 这本书用年代断点、追溯上下因果的方式去研究明朝万历年间的人与事 真得特别好看 力荐 ,小M,648711574
万历十五年,我的明史启蒙书，由此书开启了我研究明史的嗜好。不知道读了多少遍，好书总是越读越有味道，每次读我都有新的心得。,夕霏,499768629
万历十五年,一味的用现代标准评价古人，不大懂中国。,林小熏,780895610
万历十五年,枷锁之中的失败者群像 所谓失败者，是努力抗争过的人。,刘小流,1266750492
万历十五年,正德大串连 海瑞斗地主 筑墙使者张居正 农民领袖戚继光 明朝太可怕了 我坚决不要穿越到明朝去,[已注销],905615646
送你一颗子弹,刘瑜和饭饭这样的作者，永远聪明的既接地气，又有腔调。谁给打的标签是：“装逼青年”啊，写的这么平易近人还装逼？你看新闻联播的时候会不会脑溢血啊。,大丽花,247258443
送你一颗子弹,其实就是书读得太多，想得太多，絮絮叨叨，但是忍不住又产生了共鸣，一直对啊对啊就是这样的感觉,Joyce . Z,453228545
送你一颗子弹,这本书解答了我许多的疑问，即使是那些无法解答的，至少也让我知道我的那些焦虑、恐惧以及自我分析的漩涡并不是孤独的。,杜扬Seatory,239358327
送你一颗子弹,"这本书读了两遍，我喜欢刘瑜那种喋喋不休，絮絮叨叨，形容词连绵起伏，用不正经的语气讲诉时事和生活，轻松地读完，感觉确实有根针扎了你一下
",meiya,337148316
送你一颗子弹,喜欢刘瑜这样的，明明厉害的要死，却把姿态放得很低很低。,进宝,703610138
送你一颗子弹,这些小水文写成BLOG也不一定天天去看吧，那么多我我我，许多观点非黑即白，中文行文水平也很一般，为什么出书能分打到8.8啊？,菠菜,397464342
送你一颗子弹,好吧，我承认我手贱，不喜欢还是硬着头皮读完了。刘瑜女士惯常的模式就是脱离语境，把两种文化现象在表象的层面上扯在一起横向比较，不知纵向，然后得出一个西方中心论视角下的简单粗暴结论。欠缺女性主义意识的小女子情怀与世俗化的小聪明打底，加一点学术花椒、文艺/伪文艺鸡精，就乱炖出了知识结构破碎的所谓文化/政治随笔。她所呈现所表达的自由主义看来从来不通向真正的自由，更不通向生存方式多元的社会图景。我真的很想问，这些打着自由、民主旗号的学者们真的有严肃地思考及反省吗，真的是为中国的前途、吾土吾民的未来着想吗？还是仅仅是一种伪精英脱离现实的幻想与自我陶醉？,心猿,353296804
送你一颗子弹,如果不是看了很多书，如果不是经历了很多事情，是无法了解到书中的狡诈，或许会带着她所说的一厢情愿与自以为是，超级自恋的苟且活着吧。人会伤害你，所以要多认识人；对于书，更是这样。,伊卡洛斯,273095112
送你一颗子弹,非常喜欢的一个与本人气息相近的女学者，不拘泥于学术，不炫耀学识，从日常之中提取细节挖掘深层的意识形态．生动有趣又不乏深刻．读此书时，一直想说的一句话是：这姑娘真可爱,周冲,495268196
送你一颗子弹,最大的感觉是这本书的编辑杂乱无章，使得那五个章别的分类失去了意义，就如同一本摄影集，经过内容编辑与画面排版的，与只是弄一沓装订成本的在观感与阅读上是有极大区别的，而这本书在编辑上相当欠缺诚意，杂得零零碎碎。其次是，刘瑜很喜欢提出一个个观点与看法，但她抖出了太多名词想要支撑一个观点，却没一个能讨论得透彻，所以那些讨论就只是一个个名词的集中，此处显得观点很狭隘，总结得也很马虎。或者正如后记所说的，这是她的私人博物馆，正因为这本书于她的私人感情太重，所以忽略了观者的感受。在我看来，这本书大部分内容欠缺营养，要是大量删减三分二内容，剩下的三分之一就会是很好读的一本。,A-sun*,280699631
送你一颗子弹,原来就是一本博客书，骗钱的味道很重。文章有点意思，也仅仅是有点意思。,川总,422916125
送你一颗子弹,好在哪里？,溪流,649332060
送你一颗子弹,无论周围有多少人称赞，我还是觉得这位小资的女公知，浪费了这样好的一个书名。,绝世老葱,590810762
送你一颗子弹,这是一本挺私人的书。子弹没有我想象的威力大，反而是书中透露孤独的影子和小偏执让我感到血肉的温暖。,DizzyWhale,253917485
送你一颗子弹,这是除了王小波《理想国和哲人王》之外我做笔记最多的书，共鸣感很强很强。 我喜欢读比我年纪大的人的书，可以汲取很多生活的养分。 我喜欢不再年轻的女人，她们各有风韵与自己的简介，比如宛若夜河般宁静的席慕容，比如宁静如诗的龙应台，再比如这位刘瑜。总是那么真实，让生活以清晰的脉络呈现出来， 如同冬天的风， 让人清醒。,小亚,463388346
送你一颗子弹,离政治哲学实在太远，实在是不值得一看，给这么高分的那些人是不是瞎了眼？,韧勉,742800005
送你一颗子弹,共鸣之处多到难以概述。,沉歌,810917019
送你一颗子弹,读刘瑜让我再一次感受到了读一本书就跟和一个智者在对话。而刘瑜，如果有机会，我们肯定会成为特别交心的朋友，一起去买猪头肉一起吐槽一切。我爱上这个幽默的女人了。她和我相似，以至于让我对我的未来都已经有了信心的人。（arthas推荐。,mOco,564783936
送你一颗子弹,实在是太水了，博客随笔还得加点立场原则，多半文章东拉西扯不知所云，自恋心理倒登峰造极，就算作为随笔，我觉得也就一刚入学的本科生水平。,老脸,463892783
送你一颗子弹,大龄文青女博士装嫩自黑扮俏，几乎每篇都妙语连珠，这些“子弹”打在身上不疼，还怪痒痒，怪舒服的,晚安好运©,769422381
哈利·波特与火焰杯,"这是最好的一本,
读书时既快乐又满足  折服于罗琳谋篇布局的能力  我当时就说，只凭写作手法，她已经是一等作家。再加上故事，她是伟大作家
读到邓布利多发派任务时 心里激动万分，太棒了，反击！而且各路英豪重出江湖   定让世人大吃一惊 大开眼界  Let'hit it",无声时代·歌姬,52294781
哈利·波特与火焰杯,可惜了塞德里克，好好一帅哥，挂了。,丹朱AI🌵,530443296
哈利·波特与火焰杯,火焰杯的剧情写得比较紧凑……事情虽然顺利解决但并不是看见前面能猜到后面的故事……火焰杯开始篇幅这个加大了，火焰杯的整个故事犹如哈利波特系列里面的一个高潮，非常值得一看……,碧落亦然,45757170
哈利·波特与火焰杯,开始出现死亡，更多黑暗。,默音,594372346
哈利·波特与火焰杯,系列里最好的一本！,曾良君,403010088
哈利·波特与火焰杯,我初中同学有全套原版啊！！！！羡慕到死啊！！！！想当年，这本书真的是天价了，我过年才敢跟我妈说要买……,胖花,492086485
哈利·波特与火焰杯,这本书的最后20%读起来太让人振奋了，虽然死亡的哀痛的密集程度超过了以往的任何一本，但这个套路写下来甚至胜过侦探小说的风范，所有草灰蛇影都在最后得到收束。觉得是前四册里最出色的一本。后面还有更长的三册，真是让人期待。过了十年，重读哈利波特的进度终于和初中时候打平。,Moon,463681681
哈利·波特与火焰杯,我一直认为第四和第五卷是整个系列里最好的,烟波人长安,730369814
哈利·波特与火焰杯,清楚地记得某个夜晚在被窝里偷偷看火焰杯，然后被家母发现……于是这本书到现在最后一页和封底都是残缺的……,曼仔,533575912
哈利·波特与火焰杯,这部开始脱离儿童文学了。前四部里最出色不过也是bug最多的一部。,魏知超,185604282
哈利·波特与火焰杯,"　 催生伏地魔的是一个古老而邪恶的魔法： 
　　 
　　 “父亲的骨，无意中捐出，可使你的儿子再生；（Bone of the father, unknowingly given, you will renew your son） 
　　 
　　 仆人的肉，自愿捐出，可使你的主人重生；（Flesh of the servant，willingly given，you will revive your master） 
　　 
　　 仇敌的血，被迫献出，可使你的敌人复活。”（Blood of the enemy，forcibly taken，you will resurrect your foe） ",[已注销],525121464
哈利·波特与火焰杯,电影看了两遍也没看懂冒充穆迪的那家伙是谁，还是书里写的清楚。克劳奇那么惨痛的遭遇电影里貌似提都没提？,葱,441808776
哈利·波特与火焰杯,初中那年的书。。。一下子四本，当时真觉得贵啊。。。而且对名字记忆无能。。。,Sophie  Z,318770603
哈利·波特与火焰杯,我最喜欢的一部哈利波特的电影。这一本哈利和罗恩闹的小别扭我都亲自在这个平行宇宙体验了一遍。多比和海格的人格魅力啊，他们都太单纯太好了。看到这本我才明白没有人是绝对有勇气和力量的，在邓布利多也不是绝对权威的世界，坚持正义其实是一件很难得的事情。,我不是盆栽啊,484840061
哈利·波特与火焰杯,唯一一本哈利波特系列，很喜欢：）“该来的总归会来，既然来了就要勇敢面对”,Veronica,129051069
哈利·波特与火焰杯,夜半三更看到哈利和罗恩你一言我一语瞎写占卜作业给自己编造下周悲惨预言还互有应和被逗得笑出鼻涕泡。。新年第一本书。勇敢诚实的哈利波特，还好有朋友，有师长在身边支持着。决斗那里要看哭了，魔法世界黑暗将重新降临，每个巫师都有自己的选择。一定不要后悔。多希望双胞胎真的开成给小巫师欢笑的魔法商店【对哦，为什么哈利最珍贵的宝物就是罗恩了！如此坦荡！女朋友没有基友来凑吗！,四左,1131668516
哈利·波特与火焰杯,最好看的一部,伊娃娃娃娃娃哇,433849568
哈利·波特与火焰杯,哈利开始长大．,三四,31334564
哈利·波特与火焰杯,2009.02.12.我最喜欢的一本，看了很多遍。这是个故事氛围的分水岭，到第四部为止，故事的基调还是愉快的，但出现了死亡。比赛很精彩，新增的人物也非常有特色，蛮喜欢猛男克鲁姆的。,Neroat,1633939846
哈利·波特与火焰杯,哈利波特系列捏着鼻子看完的最后一部，小学时候看这书，看着看着能睡着，完全没有后来看诛仙看昆仑看金庸的那种彻夜不眠非要看完的冲动。故事冗长，还是那点，主角缺少“进化”的过程，于是代入感很差，外加厚度越来越厚，节奏变慢，就真是看不动了……,southstarj,769150397
窗边的小豆豆,教育，就是要蹲下，看看孩子们所看的高度。,Vamei,573390262
窗边的小豆豆,近一百年前，就有如此前瞻性的教育理念，有这样的校长和妈妈，是作者之幸。,艾晨,772740138
窗边的小豆豆,在地铁上，两次读到眼睛发湿，赶紧眨了眨眼，把这一段温暖偷偷藏在心里,藤堂非,440913548
窗边的小豆豆,做一颗小红花真的是生活所迫，如果可以我想做颗小豆豆，想发芽就发芽，不想发芽就不发芽。。,王老虎,43766479
窗边的小豆豆,顶级的教育学其实就是因才而教！教育学的设计典范，不知道我的孩子有没有机会去上这样的学校！,阅微草堂,596726648
窗边的小豆豆,适合所有觉得童年被辜负的人。,迷踪,108415120
窗边的小豆豆,比什么哈佛女孩刘X婷之类的强多了,寂多蔓生,569049116
窗边的小豆豆,在学校电子档看完；以业内人士的眼光看，未免太理想化了些，不过人总是需要梦想的，这些理念足够天朝人士学习50年。,欢乐分裂,743922267
窗边的小豆豆,这种不做作业纯玩的小学确实存在过，二战前的日本，歌颂派好好想想，八十多年以前了当时侵略战争即将开始。现代日本到处中小学补习班，全亚洲大同,海岸,940987956
窗边的小豆豆,很有趣又很感人的书。“小豆豆感到生平第一次遇到了自己真正喜欢的人！因为，从小豆豆出生后直到现在，还从来没有一个人这么长时间听她说话呢。”,林隐,357562742
窗边的小豆豆,“教育更多不应该是为受教育者找答案，而是给他们找自己答案的勇气与能力。” 这句话说得多好呀。所以，校长在看到小彻子挖粪池、捞钱包的时候，没有去阻止她的，校长不用成人世界的条条框框和精致规矩做一只笼子把小彻子“关”起来。一个不墨守成规、耐心聆听孩子需求、有创造力的老师，令巴学园如此不同。大家努力，让世界上有更多这样的幼稚园和学校吧！,E,463694972
窗边的小豆豆,一边在读小豆豆，一边在看虎妈。两种教育之间不好说哪一种是完美正确的，可教育只有因材施教才是最适合的。不过，这只是小学阶段，在教育竞争愈发激烈的东亚地区，所有的教育都会屈服于考试分数下。,西桥,927846084
窗边的小豆豆,"最好的朋友讲给我听了一遍, 就一直记得, 隔了几年, 才最终找出来看. 有些书, 能读到是一种幸运和祝福.",陳書櫃,543557767
窗边的小豆豆,跟地球上的星星如出一辙,Pazaka,1045992556
窗边的小豆豆,记得读这本书时，是二年级时的小学图书馆,甯,406672852
窗边的小豆豆,一所宽松的学校，一个宽容的好校长。,李伟长,509748824
窗边的小豆豆,正是因为能在巴学园这样的地方成长，后来才有了出色的黑柳彻子吧。现实点来说，这还是与她的家庭背景密不可分的，不然怎么会有各种教育界、艺术界、体育界名人都出现在小豆豆身边。,林||我们谈什么都像谈死！,1044520071
窗边的小豆豆,教育是一件伟大事业，请让它保持最初的爱与美。,陶者无缰,395126317
窗边的小豆豆,日本人特有的温暖,大島,975355048
窗边的小豆豆,小时侯，小豆豆。,眠去,16702143
哈利·波特与阿兹卡班的囚徒,我认为是《哈利·波特》系列最好看的一本了＾◇＾,桃涩桃涩,3024166
哈利·波特与阿兹卡班的囚徒,系列里最喜欢的一本，构思过人。主要的非常喜欢小天狼星。,沉歌,24922140
哈利·波特与阿兹卡班的囚徒,缺乏父爱的小朋友有了教父，好欣慰。,丹朱AI🌵,530443140
哈利·波特与阿兹卡班的囚徒,看过最多遍的一本哈利,夏一慕,168131537
哈利·波特与阿兹卡班的囚徒,再见了！充满了童真的“哈利波特”前三部曲，我们要开始残酷的成长了！,蝌蚪往人,146745671
哈利·波特与阿兹卡班的囚徒,the ones that love us never really leave，and we'll always find them in heart。,[已注销],525121283
哈利·波特与阿兹卡班的囚徒,"依旧是神奇的故事
可见作者的创作激情源源未断",无声时代·歌姬,52293456
哈利·波特与阿兹卡班的囚徒,这是我哈利波特系列中最喜欢的一本，其实我就是喜欢布莱克~,冰凉的小手,906562373
哈利·波特与阿兹卡班的囚徒,亲世代开始浮出水面。感觉这里面的斯内普的形象和之后有点断裂，大概此时罗琳尚未构思好亲世代的全貌，于是所有人的定位还不稳定，到了第四部罗琳对斯内普和小天狼星和卢平等人的态度明显就起了变化。第三部的卢平和第六部第七部的卢平感觉也是一个断裂。无论如何，我心中的最爱还是第三部里的那位R·J·卢平教授。,曼仔,533575829
哈利·波特与阿兹卡班的囚徒,故事精巧伏线细密，除了最后赫敏的秘密令人出戏之外，又是完美的一学年，也是黑暗真正来临前的最后一年。双胞胎人太好了，非常喜欢他们！相反小天狼星只是做了一次人物形象的反转，但并没有升华，个人并不觉得他比双胞胎或者卢平等人更有魅力，硬要说的话和海格差不多吧，本来就是好人，且一直是好人。,陆小包,1235695034
哈利·波特与阿兹卡班的囚徒,Sirius是我很喜欢的一个人物,Sophie  Z,318772056
哈利·波特与阿兹卡班的囚徒,好好看的一集...扭来扭去~我不要扣扣我不要短信我不要email~给我一只猫头鹰传信吧~好稀饭海薇啊~,伊娃娃娃娃娃哇,429776936
哈利·波特与阿兹卡班的囚徒,2009.02.12.这一本是唯一没有伏地魔本人出现的一本，作为“反派的”斯内普其实已经有苗头是个好人啦，小天狼星的反转挺好的，哈利终于有父爱啦。,Neroat,1633933170
哈利·波特与阿兹卡班的囚徒,时间因果的设计太草率了，哈利最后的自救简直是莫名其妙。另外讲，看到赫敏用那表我就不知怎得想起罗小三……,流空破刃,358793256
哈利·波特与阿兹卡班的囚徒,写得不咋样，节奏感不好，情节单薄拖沓,蓝调共和,19946654
哈利·波特与阿兹卡班的囚徒,中间有一大段对话挺啰嗦！,小海,540305465
哈利·波特与阿兹卡班的囚徒,第四本到现在都还没看完，被漫画耽误工夫了……关于这本啊，当年高中看的时候，我朋友大慈大悲没有剧透我，导致我看了结局后佩服得不行，即使现在来看应该也不容易识破才对。不过这是一本比一本啰嗦了。很喜欢哈利魁地奇获胜与双胞胎登场的段落。,支离破碎,385912817
哈利·波特与阿兹卡班的囚徒,J.K.罗琳是当代伟大的政治哲人，她在自己的创作中自觉遵循了由施特劳斯重新发现的写作技艺，在《哈利波特》中探讨了拥有奇特禀赋的少数人如何在这个普遍同质的麻瓜世界中生存。不能在外面使用魔术的禁令既是确保魔术不被世俗目的所败坏，也是为了世俗世界不被魔术扰乱……,第五象限,548974014
哈利·波特与阿兹卡班的囚徒,惟一看过电影的一部。,默音,594372098
哈利·波特与阿兹卡班的囚徒,我的最爱,米米米妮,444616272
狼图腾,能把成吉思汗当成民族英雄，自然也能把本书推为经典。,柏林苍穹下,436269480
狼图腾,扭曲的历史观，社会达尔文主义思想。令人反感与作呕,[已注销],720428597
狼图腾,这本书出版后争议颇多，不劳我细说，我看来，如今作为一个民族一个国家，中国在世界上的角色性格颇为软糯，需要点狼性，而组成社会的人的个体，大多数又有种虚热的刚愎浮躁的戾气，若然再添点狠劲，恐怕要出事故，诚然，书中的狼图腾不是上边所说肤浅的暴戾与狂躁，但是在如今浮躁的社会，恐怕没几个人会静下心思考究竟狼图腾是什么精神，被滥用的可能远大于发挥积极意义的可能，令人怆然，另外，那群造反派和红卫兵对草原生态，对黄羊，狼，天鹅等等族群的灭族性屠戮，让我整整一天食不下咽，心情郁卒到极点，无知不仅可怜，而且可怕啊,神威,487022474
狼图腾,宫崎市定《朴素民族》和河殇的结合。对农耕文明的彻底否定。太过偏激，不喜。,一个小标点,286486412
狼图腾,没有早扔垃圾箱里后悔至今~当茶杯垫都嫌厚~,青蛙,286488265
狼图腾,"尚可的故事书，却是为了兜售其三观不正的价值观。重要的故事节点没几个，大都是洗脑式的灌输，神话狼的力量。
书里把一丁点小性格都归到狼身上就已经让人很不爽了。完完全全是为了写而写。
最让人不能接受的就是最后的长篇大论，只选择有利于自己的论据而从不从反面做推论，这样的论述根本不能让人信服。
作者的文明决定论，同出生论，血统论异曲同工，不怪乎会有人跳出来说作者宣扬法西斯主义了。
一点小考证：夏民族和匈奴最早的图腾都是龙，说明汉民族和游牧民族出出同源。成吉思汗的战旗苏勒德是一个三叉战矛。以狼做图腾的只有蒙古的乞颜部落，而非整个蒙古民族。作者最后说到的三星他拉出土的C型龙玉，也只能说作者想象成了狼，本来就是抽象的东西，想象成什么都无可厚非。",LikeAKid,903839157
狼图腾,这本书每句话后面都藏着“一定要成为畅销书呀！”……,玛丽莲·孟获,669415001
狼图腾,这种故事组织水平，文笔和漏洞百出的逻辑，如果是登在故事会上的口述类志怪故事还是可以接受的，成为畅销书也可以理解。豆瓣评分这么高就完全不理解。整个就是一个拙劣的洗脑故事。,olivia,902006348
狼图腾,哎，这样的书，写法上如此粗糙，传递的观念如此落伍，给评分高的人大概都是通俗小说爱好者吧？,曾于里,586063842
狼图腾,垃圾~典型的种族论，垃圾~,咖达蓝大花锤子,32213294
狼图腾,我希望畅销不是因为大众觉得这是本了不得的好书。,[已注销],191923181
狼图腾,鼓吹狼的性格造就了游牧民族的性格，有些地方实在是太牵强了。蒙古人攻城略地把投降的人也杀个精光，难道这也是狼的精神？还想把农田都弄成牧场，还是耶律楚材劝说让俘虏做奴隶能捞到更多实惠才罢手。本书是典型的教科书式小说，文学上并无太大价值。作为畅销书来读倒是很吸引人，引人入胜。我觉得这书讲食物链和环境保护的理念倒是非常到位，对草原沙化的后果怅然若失，这个才是打动我的地方。,苏耽鹤,461953846
狼图腾,比较傻的一本小说~,老探戈,9790615
狼图腾,烂书一本。文字枯燥说教、思想贫弱无力。尚不及“大学本科”BBS上灌水的水准。,小车,455271
狼图腾,我不知道为什么会有这么多人喜欢这部小说，不过我是很讨厌这部书的，我很后悔买了他。浪费钱，我对文中的故事一点也不感冒，对文后所谓的历史分析也深不以为然。故事十分的无聊（至少按照我的标准来说）硬着头皮读了百多页，实在看不下去了。至于他文后的历史分析，半真半假，更像是一种政治宣泄而非公正的历史评价，给我一种贬低民族性的感觉。我不认为中国人缺少狼性，你看看我们的各级ZF，官员做的那些事情，这话你还真说得出口，至于民众，我们曾经有过血性挥洒的年代，结果如何呢。,太乙,332146767
狼图腾,通篇我只看到了两个字，蛋疼...,Irreversing,297882286
狼图腾,媚俗,灰零,27188490
狼图腾,一本垃圾书，只有狗才会向往狼性，狼根本意识不到狼性是什么,拟注销,1031573640
狼图腾,高中大爱，读完我特地去买了一个狼的模型，至今仍摆在我的小小模型柜里。华为的任正非是最为推崇狼性：纪律、勇气、热血、进取心、危机意识和团队精神，是我特别钟爱的尚武精神。但另一面，狼性寡恩、掠夺嗜杀，我们也要懂得分辨，取其精华去其糟粕。PS.在内蒙生活三年多，几乎未听过蒙族崇拜狼的,A君,546305200
狼图腾,曾经觉得特别好看的小说，现在回想一下其中的论调，却是非黑即白的种族决定论，对农耕民族大加丑化、鞭挞，对游牧民族极力歌颂，实在有失公允。,格一,628674950
盗墓笔记,"不是我意淫，整整七部小说里只出现了三个女的，结果还死了一个，失踪一个，剩下一个变成了禁婆╮(￣▽￣"")╭剩下就是一堆男人出生入死的友谊~~~",瑾朵朵,319590920
盗墓笔记,三叔文笔实在有限，不过胜在想象力奇谲，真真假假绘声绘色讲述相对冷僻的盗墓传说，画面感和代入感很强，时不时像粽子一样设个埋伏吓你一跳，所以一口气读下来，过瘾。这是我读过最适合改编成RPG游戏的小说，咋还没有人动手啊！,谋杀游戏机,838630799
盗墓笔记,我的天啊！烂的可以~~ 小说是绝对算不上的，至多算是故事吧。。。碰巧又是个不吸引我的故事。。。。,狸猫,360021329
盗墓笔记,这本书可以说是长篇小说写作的一个反面例子：支线铺设过多，而作者的写作能力又无法满足，必然因为强支弱干导致小说的主线崩溃，如果是阶段性写作就要出现被迫更换故事核的程度。好在这本书从头到尾都没有出现机械降神，所有读者如果最后发现一切都是外星人或者玉皇大帝干的肯定直接就都疯了。这点值得赞赏。但在三大盗墓小说里，鬼吹灯和茅山后裔实在是强过这本书太多了。,[已注销],669782371
盗墓笔记,半夜看好怕啊...... ,青丝,849677590
盗墓笔记,三叔签名①瓶邪王道。②倒斗生死恋，天真无邪同志和他老公闷油瓶的传奇历险故事。③天真：…疼；瓶：…那算了；天真：别！④南派三叔是腐男…… ,水仙操,314134832
盗墓笔记,哎尼玛，我只想知道齐羽到底是个什么玩意,葱,886842512
盗墓笔记,遥想当年第一次接着鬼吹灯读这个的时候，觉得真吸引人啊一口气读完。。。现在呢，这大坑啥时候给填完啊？啊？？你倒是给个准话啊。。。,BBQ(づ￣ 3￣)づ熊猫过冬,756716825
盗墓笔记,第一次看这样网络题材的小说，文学素养是肯定没有的，感觉情节的推动上很快，蹭蹭蹭地往前赶，有些地方有常识性错误，有些地方前后矛盾。但是还算引人入胜，悬念的设置很能吊人胃口，应该会继续读下去。,了了,788602579
盗墓笔记,比《鬼吹灯》强一点不多，《鬼吹灯》人物刻画很苍白，《盗墓笔记》里的人物好玩多了，但是BUG太多，写得不是很严谨啊……,烨子,596290915
盗墓笔记,腐的苗頭這麼明顯……【挖鼻,Dissipator。,427313884
盗墓笔记,厕所文学很给力,安蓝·怪伯爵𓆝𓆟𓆜,274922498
盗墓笔记,单位看电子版中……人物写的还可以，对话看着也不恶心，题材就面了，故事大王那种吧呵呵,左胸上的吸盘,598014388
盗墓笔记,没看书，找的有声书画画的时候当评书听,碧落亦然,920598983
盗墓笔记,艾玛停不下来。,Amber安大倍,628688356
盗墓笔记,为了钱的书籍，已经背离了写作的目的，这样不叫书籍，叫做垃圾,阅微草堂,482935945
盗墓笔记,虽然情节设置有些偏奇幻了，但是整体来说还是很耐读，惊悚之余也带给你生活化的幽默。只是铺开的故事，那些未解开的谜题，不知道作者预备如何收尾。挖坑不填的行为，还是该鄙视的。,攸宁陶陶,361222244
盗墓笔记,我竟然开始看盗墓笔记了。。。,夏夏夏,436790103
盗墓笔记,不适宜晚上阅读,BrieFness,310856391
盗墓笔记,本来想着看这个没准能了解点东西，看到“他被鲁国公封为鲁殇王”果断扔了,范进不举,552249582
倾城之恋,斤斤计较的爱情才能成故事，慷慨大方的爱情大都是一夜情吧。,荒木,723366931
倾城之恋,就算张爱玲对爱情看得这么透，还是奋不顾身地投入其中,小岩井,720735520
倾城之恋,“这一炸，炸断了多少故事的尾巴！”“炸死了你，我的故事就该完了。炸死了我，你的故事还长着呢！”   窃以为，此处是最好的结局。,脏字名,566007136
倾城之恋,多么深地体会到，白流苏的那种没有隐私的逼仄压抑的生活，那种完全没有出口的日子，那种在明嘲暗讽间霉烂的岁月，只有婚嫁，是唯一可供孤掷一注的赌博,周冲,495284533
倾城之恋,少年时代读不懂张爱玲，满眼只是男女间的情怨纠葛。再读之时，世道苍凉更添一分辛酸。,诸葛若见,468931986
倾城之恋,名字叫倾城之恋，满心以为会是多么伟大的爱情。读完之后，才发现张爱玲果然不同常人。越是取名叫倾城之恋，爱情的背后确实机关算尽。可是却又真的是倾城之恋。两个人的爱情要一座城市的崩塌，才能够决定在一起。,我叫卢大胆,366692051
倾城之恋,张爱玲的书不能多读，否则就会中毒。你会逐渐相信，人生不过如此，婚姻不过如此。,良窗淡月,25398011
倾城之恋,他们都太聪明、洞悉世事而善于伪装自己，于是真的只有到这座城覆灭之时，才对彼此有一点真心。,seasons,590671172
倾城之恋,如果你认识从前的我，也许你就会原谅现在的我,RIC,694195352
倾城之恋,"“他不过是一个自私的男子，她不过是一个自私的女人。在这兵荒马乱的时代，个人主义者是无处容身的，可是，总有地方容得下一对平凡的夫妻。”一座倾城，成就了白流苏和范柳原。 
",cheer chow,516878747
倾城之恋,凑合过吧，还不是为了给亲戚们好看。,女 破 产,917121487
倾城之恋,白流苏，范柳原，单纯两个名字，已经足够让我动心。,浮生若夢,196834161
倾城之恋,若是没有战乱，范柳原会甘于平凡，和白流苏厮守一生么？相信这也是白流苏的揣测，亦是她在这场爱情里不自信的体现，先爱便输。其实，若是范柳原的爱已足够深，无需倾城。,安锤,120108091
倾城之恋,世间的倾城之恋，原比这小说里要悲凉得多，所谓的心心念念兜兜转转，又何止这般匆匆忙忙犹犹豫豫。,安乔,247184201
倾城之恋,沿一线流光，胡琴咿咿呀呀的拉个不停，故事里的倾国与倾城。说不尽的苍凉故事——不问也罢。,沉歌,22374279
倾城之恋,张爱玲连悲悯都那么刻薄,苏离弦,24094169
倾城之恋,好吧，输液中寂寞地看完了倾城之恋……我想我还没有足够的阅历去理解那样的“爱情”。孤独的人们 瞬间的相知 温暖了一生 ,NO,473403763
倾城之恋,一座城沦陷了  为了成全他们的姻缘,逍遥兽,17093556
倾城之恋,张爱玲的小说都看了，这本小说看起来最轻松女主也终是修成正果了！👏真不容易！,末摘花,1331739385
倾城之恋,一个女人，再好些，得不到异性的爱，也就得不着同性的尊重，女人们就是这么贱！,老妖龙你听着,784419876
人间失格,我装作老成，人人就传言我老成。我假装是个懒汉，人人就谣传我是懒惰虫。我假装不会写小说，人们就谣传我不会写。我伪装成骗子，人们就说我是个骗子。我充阔，人人以为我是阔佬。我故作冷淡，人人说我是个无情的家伙。然而，当我真的痛苦万分，不由得呻吟时，人人却认为我在无病呻吟。 ,娅,417519465
人间失格,太宰治的书在我只有这一个作用，在悲观时拿来读，告诉我人间还有这样如狗般喘息挣扎的存在，因而不必自卑，不需自苦，我对他毫无同情，他的心理可以理解，但纯属咎由自取，这世界没有天生卑贱，也没有注定失败，只有自甘堕落，自弃者，天弃之,神威,547285879
人间失格,代入感太深，毫不同情作者，就像没法同情自己一样。终于从别人的残疾里，明白了自己的残疾。看到最后一句的时候猝不及防，落泪了。,猫大球,511919051
人间失格,"愿天下的人都死掉，
只剩下自己和一个好看的姑娘，
还有一个卖大饼的；
愿秋天薄暮，吐半口血，
两个侍儿扶着，
恹恹的到阶前去看秋海棠",丁一,817822927
人间失格,被嫌弃的叶藏的一生,Black Tulip,283787789
人间失格,胆小鬼连幸福都害怕，碰到棉花都会受伤,沉默电话,803221633
人间失格,我是真的不吃失心瘋文藝青年這一套。覺得世上隻有伱在默默承受這一切。作為一個不停自殺卻又死來死去又死不了的人，恐怕没有甚麼立場來談論做人的資格吧。我敢這樣寫 就不怕推崇這本書的人站出來和我理论，毕竟不覺得它有甚麼值得讓人據理力爭的價值。把一個不得志漫畫家的生平故事鋪開，攤平然後放大到了夸张之后再來解說。作者又個人主義極強，再加上虛無縹緲的語言方式，更讓我一直身處於整個故事之外。我沒有覺得葉藏很慘或者覺得很絕望 —— 伱置身於黒暗中，伱所看到的不論昰美玉或者糞土，都不會有差別，因為伱其實根本甚麼都看不見。「財盡情亦絕」這本來昰很有意思的一句話，可惜作者不昰個好翻譯官。,曼靑,191826591
人间失格,罪与罚其实是反义词.,熊阿姨,556509142
人间失格,发自内心的价值观不正确没几个人做得到,bololo,649081931
人间失格,有个“边缘人”的名词，意指人世间悲惨的失败者、道德败坏者。但我却觉得自己与生俱来就是个边缘人，若是真的在人群里碰上一位被认为是边缘人的陌生人，我一定会对他很和善。这种和善，甚至会让自己到了着迷的地步。,沉歌,350777370
人间失格,如履薄冰地和世界相处，神经质无法摆脱的虚无感，可以将任何人置于死地,女巫,520154062
人间失格,"""我酗酒、嫖娼、寄生、没钱了还会当女人的衣服.但只有我知道,我是神一样的好孩子.道理都懂...错的不是我,而是我的父亲、乃至整个世间...""人干事?确实.人如果都不敢正视自己的错误,也不配为人.",恪彥,1078442138
人间失格,心情好的时候觉这人怎么这样。心情不好的时候我觉得卧槽这不就是我吗？,撒旦君,1213414296
人间失格,一口气读完太宰治的这本名著，我仍然不相信这本书是真的存在。或许这么说实在奇谭，但读过之后你就会懂。日本作家完全不依靠中国文学教育写作硬性规定的方式技巧，反而名篇都用最简单直白的叙事人称角度入手，效果却震慑人心。开篇就像是笼罩着一层真相般的薄膜慢慢被阅读者撕开，再继续下去就像坠入深渊般入迷。内容极为萧条，情绪败坏，像患有败血症的病人苍白但又直抵人心。彻底毁坏，抛弃，玩弄了一切浮华而又虚伪的世界。太宰治就像将人世间的一切置入培养皿中任期发酵变换，而它隔一张就会漂白一下，冲洗一次。让你在临近结尾处越来越观的透彻。最后就留下了个“空”的皮囊。虽说是第一人称，但也和全世界的大多数“觉醒”之人一样，只是我们没有勇敢的说出来。所以，在完成书后，他选择自杀。不是走入迷路的障碍深陷其中，而是看得太清楚明白。,锐利修蕊,472428145
人间失格,看了这样的小说，我唯一想说的是：这个男人没救了……没救了……没救了……,林隐,429759193
人间失格,与其说是失去了做人的资格，不如说是既没有生存的愿望，也没有生存的能力，这与是否做人甚至都没关系。,善良的蝮蛇,979486206
人间失格,真是很严重的中二病啊。,王大根,747971247
人间失格,当我为想为自己的颓丧和黑暗情绪辩护时，这本书以后都能派上用场了。,容安,518802672
人间失格,以前一直觉得懦弱无所事事冷漠所构成的自己并没有什么无恙  后来渐渐觉得自己是否应该换一种生活方式  深感自己这样一直过下去好像也不尽如意  然而人生路成长到现在也才明白无论哪一种对自我生活的态度好像都是能够理解的  无论是懦弱还是坚强欲望还是无求所有的反义都是相互存活,春焼辰,822356297
人间失格,不要吸食香烟，若非节日，也别饮酒，长大后，请多加爱惜那性格内向，不爱浓妆的姑娘。,[已注销],994122575
飘,有一天我梦醒了，窗外是氤氲不化的雾气，我走到窗边，原来是夜里下了雪，空气一片苍茫，我又想起思嘉，在那场大雾中迷路，恐慌，奔跑，喘息，寻找，家。而瑞德已决意放弃一切。包括她。但我也不是十五岁的我了。那时我见她玫瑰红睡袍，一杯白兰地，手法娴熟，一饮而尽。我怎么学得会像她喝酒这般痛饮人生。可我知道什么是痛。,眠去,10390401
飘,其实每个女子在少女时期内心都有一个艾希礼，走到最后才会明白原来自己爱的是班瑞德,沈书君,48149766
飘,我认为本书唯一值得称赞的人是梅兰妮，一个真正的勇士、一个坚毅的妻子、一个称职的妈妈、一个挚友。,/name-?P=0/,951694714
飘,我可以坚定地说一声：要像思嘉一样生活，本能又生命力蓬勃地生存，质疑权威，蔑视传统，我行我素,周冲,495271298
飘,差不多半年的时间间隙里重看了一遍。快结束时，巴特勒问斯嘉丽多大了，她答28。我突然被狠狠震惊到，两次看书，几次看电影，都觉得看了他们蓬蓬勃勃跌跌荡荡沧海桑田的一辈子，可她才28！,良弓,730595055
飘,每年都要拿出来翻阅一遍。至爱至爱。,锦衣夜行,203212506
飘,初中看的时候就觉得斯嘉丽好不一样，看过电影之后更是觉得。原来人从幼稚任性成长到坚韧无所不能只需要一个契机，而这个转折点一定是痛苦。如果可以慢一点就好了。,柿子,673160812
飘,高一那年看的。至今记得亚特兰大的战火中她奔走的背影，裙裾摆动。她的野性和骄傲，坚强与倔强，不甘弱示或屈服，瑞德与她是相似的。如果瑞德爱上的不是郝思嘉，是媚兰或者是贝尔·沃特林，一定不会掉进那个自掘的陷阱里。对于瑞德，感动了，且佩服而惋惜。,沉歌,22374298
飘,一本好的小说不是爱情小说，不是历史小说，而是一本社会性的小说．,朵拉和朵拉,48208522
飘,一个女孩，从青涩，到成熟；从脆弱，到坚强；从拥有，到失去。记录下人生的话，每一刻人都在变，只是有时变得美丽，有时变得可悲。,Vamei,573397860
飘,我能说“tomorrow is another day.” 这句话对我人生影响很大吗？,苹果派甜,1344111256
飘,中国的小说那些高大光明毫无缺点的主角才是应该被抛弃的。人的私欲才是西方小说中浓墨重彩地描绘的东西。斯嘉丽与瑞特都是真实的人，不应该被崇拜被赞扬硬拉出什么优点条分缕析。他们就是这样在那个时代精彩地活着。我尝试着从不同侧面来解析这个故事，却依旧无法从这个故事中读出什么经验教训，像名著通常会做的那样。这或许仅仅只是一个爱情故事吧，所有的人物被爱情与战争牵着走，映衬出一个辉煌的乱世。,丰富的观后感,1346524522
飘,我看過的最愛的名著,郑宁素,406562141
飘,英文版花了5年时间终于读完了,小霞君have fun,554225850
飘,关于这本书，摘抄做了几大面，更不用说一些零零碎碎的注释分析，似乎足以写下一篇冗长但满怀真诚的书评。可是提笔时却发现，这一切都关于母亲曾告诉我的故事，关于爱和奢望，关于战争和毁灭，关于奋斗和牺牲，关于暗流汹涌的意识形态斗争和虚伪的和平。有太多的话可以说，又怎么样都说不完。,柯柯柯尼,566705226
飘,我读的第一个长篇小说.,寂地,979998
飘,我记得这本书总是很厚，以至于我在少年时期总是拿起来又放下，今天终于读完了。原著中的船长更流氓，阿希里更软弱而郝思嘉更自私。还是那句话，每个人心中都有一个情结，这不可怕，最重要的是珍惜眼前人,猫润。十一,777900733
飘,年长的读者，比照自己的人生、经历，假想如果可以重来，如何选择。那些年青人容易为之虔诚、激动、战斗的信念，如今已明白不过是诸多可能中的一种。大多数人无法坚持年轻时的信念，坚持追逐那时候的梦想，所以即便你做不到，也无须害臊。但也因此，那少数的一些人，才弥足珍贵，让人为之心折。但是，大概也就是与书为伴的几个瞬间而已，你产生了也想拥有他们那些美德、高贵人格的想法，当你合上书后，纷繁的俗世扑面而来，一个个近在眼前的抉择摆在当下，你又不自禁地选择了大多数平凡的人们会、或者说很难不选的选项。我们如果能不为自己只能是这样的人觉得泰然自若、理所当然，就已经比许多对此视若无睹的人，要离自己的年轻更近一点儿了。,大头绿豆,1159817213
飘,太长了以至于很想却不能一口气读完 读完甚是压抑......,华歌。,623001023
飘,“过去的已经过去了，死了的已经死了，活着的还要继续活着。”看完本书令我印象最深的一句话。,东篱,1344324432
边城,原来写爱情的最高境界是谁也没说，谁也没说。,[已注销],680019524
边城,初中的时候读边城读到emo泪目，现在我真是读编程读到泪目。。。,яблоко,605125139
边城,含混不清的暧昧害死了人，不痛快的人有了不痛快的结局。,林微云,388299825
边城,沈从文的文笔真不是一般得好，沉静从容，底蕴深厚，怎么平淡的故事都能讲出韵味来。,艾小柯,373259938
边城,“少时不看沈从文，觉得他的文字拗，故事也无趣。年岁稍长，却越来越喜欢他。一派冲淡自然，若沉下去咀嚼，便能读出其中的苦味。再品，是苦后的回甘。”去凤凰的时候没去沈从文墓，算是留了个念想吧。,砚小朵™,894026057
边城,所以说，有什么问题，就直接问，有什么要求，就直接说——这是最容易达到效果的做法。因为曲里拐弯因为搞暧昧，我们这一辈子，会弄糟多少事。不知为何，我丝毫没有为其中的爱情打动。,浓浓,999762967
边城,充满湘西风情。中国少数民族古老的求爱方式，秒杀了大多数自以为浪漫的现代人。,伯爵在城堡,522879397
边城,最末一句话影响是多么深远啊。,王大根,428671068
边城,云淡风轻，清涤情灵。吊脚遗风，难存于今。为保住心中的边城，绝不去湘西凤凰旅游。,XDash,764898862
边城,"Re-read。一曲对“美”与“爱”的悲哀赞歌，更是对故土湘西的乡土风俗的优美挽歌。渡船被冲走了、白塔坍塌了、爷爷死了，苗族的古老历史也被割断了。美学家朱光潜说边城表现了受到长期压迫而又富于幻想和敏感的少数民族心坎那一股沉郁隐痛。“边城”的人们试图维护自身文化的同一性以抗拒异质文化的冲击。但沈从文还是复原了曾经丢失的存在的整体性：白塔重新修好了、翠翠依然弄渡船，等待二老的归来。但二老什么时候回来呢？“这个人也许永远不回来了，也许‘明天’回来！”我觉得他会回来，只因为脑子里突然想起沈从文写给张兆和的情书里那句“我行过许多地方的桥,看过许多次数的云,喝过许多种类的酒, 却只爱过一个正当最好年龄的人。”读过这样美的情话，当然有理由相信边城是不可到达的美丽梦境。",凉水,625173952
边城,在满满都是人的地铁上看完。心里有一丝丝荒凉感。,💖🥜👶🏻。,574856362
边城,不知道为啥，我老是觉得沈从文的文字感不像人们说的那么流畅，难道因为我是北方人？,刘二苍松,65675488
边城,又读了一遍，至爷爷去世，不觉泪下。,阿里坎托,970859846
边城,对天真两个字有抗体,安东妮,1932916
边城,"为了一本书
去过一坐城",廖小花,64951688
边城,被迫读的，无感。,老袁,363298637
边城,清水般的城，翠竹样的人，诗歌般的文字……,迟木,40448413
边城,一幅极具东方神韵的水墨山水，怎一个美字了得！,芦哲峰,615686909
边城,湘女翠翠的遭遇让人唏嘘不已……,末摘花,1375169767
边城,为什么我老感觉翠翠很萌？？？,光年‖影视歌三栖民工,69549543
霍乱时期的爱情,读过最好的小说之一，最后在船上那段更是看过的最美的爱情。马尔克斯也告诉我们：屌丝能够战胜富二代唯一的方法，就是要比他活得更长。来，让我们一起锻炼身体吧。,米周,831143595
霍乱时期的爱情,想写本小说：男主是饿了么的外卖员，某次上门送餐，女主惊鸿一蹩给半个世纪后的爱情纠葛埋下伏笔。男主千方百计要到女主的 QQ 号，两人聊得火热，在网上结下山盟海誓。聊了两年，某次偶然见面让这段网恋见光死。后来，女主在一次 O2O 的上门会诊时被高富帅医生盯上，这次误诊让他们发展为夫妻。男主伤心欲绝、萎靡不振过后，下定狠心要赢得她，要赢得匹配上她的名誉和财富，要等着情敌的死去，哪怕等到世界末日。他下载了 KEEP 乐动力悦跑圈一堆健身 APP，锻炼身体。他在微信陌陌上寻花问柳，但为她保持着内心的贞洁。他加入滴滴从事运输行业，从程序员做到董事长。五十一年后，女主的爱人去世了，男主再次向女主重申对她永恒的忠诚和不渝的爱情……五十三年后，他 76，她 72，男主备胎转正。书名叫《互联网时期的爱情》,吃西瓜放糖,1041989407
霍乱时期的爱情,不夸张地讲，这本书包含了爱情的全部答案。阅读本书的好处是重新相信爱情；坏处是意识到即便相信也无济于事。,飞行官,581444921
霍乱时期的爱情,"终于看完了，但我越发糊涂，53年7个月零11天的等待，到底是不是爱情。如果是，她在私定终身的那一刻为什么逃走了？如果不是，那些往来的信件和矛盾的焦虑又算什么？
在她遇难守寡时他的出现无疑给了她生活下去的希望，可那应该叫做感激。而他50几年的寻花问柳背后，所保持的内心的贞洁，是否是种不甘心的征服欲？
不能问作者了，他死了= =",徐内向,802888395
霍乱时期的爱情,书中描写的爱情，是那么自相矛盾却又合情合理。那么悲伤却又充满着狂喜。那么苍老无助，却又在某个瞬间，永远年轻。,寂地,730649067
霍乱时期的爱情,竟然舍不得读完。但也不觉得写的是所谓的“爱情”，哪怕结尾多么大无畏和浪漫。写的其实是“孤独”，无论那女人多么“高傲”，那男人多么“卑微”，她在世俗的婚姻中以为拥有了爱情，他在浪荡滥交的生活中以为逃避了空虚，当他们白发苍苍时相拥在一起，才发现他们这一辈子恒久的寂寞的灵魂,五色全味,894685733
霍乱时期的爱情,我猜这本四百页的书并非是为了歌颂爱情，而是为了呈现人生，爱情是杂乱而繁茂的生命之树上温情脉脉的一缕夕阳。,丹朱AI🌵,810532324
霍乱时期的爱情,不知道是翻译的好 还是本身马尔克斯文笔太美 或是拉丁文的奥妙？反正之前读多了美国小说例如海明威那种简明直接型的话痨为主的描述又或者日本小说例如村上那种淡淡的文笔以后 马尔克斯简直让人燃烧 要华丽可华丽 又不多余造作 除了人名容易弄混 全书读下来都是享受 内容更没得说 超越时间的爱情 离死亡越近越浓烈,YVE,842682459
霍乱时期的爱情,强忍着对男主的厌恶看完了。“这个对爱情如饥似渴又极其悭吝的人，这个从不付出、又想得到一切的人，这个不允许任何人在他心里留下足迹的人。”,elros,944260807
霍乱时期的爱情,用罗兰·巴特的话来解释《霍乱时期的爱情》应该是最合适不过了：“我一生中遇到过成千上万个身体，并对其中数百个产生欲望，但我真正爱上的只有一个。”阿里萨在离开初恋情人后纵情声色，沉湎肉欲，620次风流韵事写满了整整25大本，在精神层面上，他依然是一位永远忠贞于初恋情人的纯粹处男。,刀叢中的小詩,589187765
霍乱时期的爱情,不同年龄段读这本书都会有不同的感触 至少现在让我恶心的是 一个七十多岁的老头诱骗一个未满14岁的少女做爱 ,锦陌,589709990
霍乱时期的爱情,"爱情，首先是一种本能，要么生下来就会，要么永远都不会, 以及人心的房间比婊子旅馆里的客房还多",DizzyWhale,591767047
霍乱时期的爱情,对于爱情，我们都太年轻了，而且我们永远太年轻，不知道人活在这个世界上，爱情有多少面目。,成知默,582083012
霍乱时期的爱情,这才是拉美文学最大的魔幻现实：通篇写爱情，却不见一丝情感。,把噗,1231873535
霍乱时期的爱情,我曾经以为《挪威的森林》是我喜欢的小说，直到我遇到《不能承受的生命之轻》；我一直以为《不能承受的生命之轻》是我最喜欢的小说，直到我遇到《霍乱时期的爱情》。,小心和小欣,599516327
霍乱时期的爱情,费尔明娜像林徽因，阿里萨像金岳霖，医生像梁思成。虽然这样比喻不太好，但是同为新旧变革时期的背景很有共同点。书中的人物一个都不喜欢，但也都不讨厌，因为本来讨厌的个性却也都是无法选择的原因所造成，或许这才是真正对人对物该有的态度。爱情只是一个影子，这既是放弃的原因，也是苦苦守候五十三年十一月零七天（全是孤独的质数）的原因。,Gardenia,638126502
霍乱时期的爱情,他们之间的感觉并不像新婚燕尔的夫妇，更不像相聚恨晚的情人。他们仿佛一举越过了漫长艰辛的夫妻生活，义无反顾地直达爱情的核心。他们像一对经历了生活磨炼的老夫老妻，在宁静中超越了激情的陷阱，超越了幻想的无情嘲弄和醒悟的海市蜃楼:超越了爱情。,janes,833594234
霍乱时期的爱情,相比《百年孤独》这本书更通俗，看起来也更顺畅，虽然少了那种魔幻的奇异色彩，但多了细腻和真实，同时对爱情、婚姻、性、人生、衰老等主题都有非常深刻而独特的见解。里面的很多句子类似哲学语录，非常值得多读几遍。,meiya,576425461
霍乱时期的爱情,好看，但是看到终章突然对爱情更疑惑了。,小晨,649075694
霍乱时期的爱情,还是喜欢《爱在瘟疫蔓延时》这个名。,江湖鲜有的传说,570682171
许三观卖血记,写口头做菜那段，绝了！几乎难以超越了！,小鹿想念书,537157368
许三观卖血记,我的笔评不了余华。,陶者无缰,459267564
许三观卖血记,"屌毛比眉毛出得晚,长得倒比眉毛长",Daneestone,159924716
许三观卖血记,盗版真害人。“一乐只能射在床上了” “喝干了黄河以后，”,囧叔,605886117
许三观卖血记,“一盘炒猪肝，二两黄酒，黄酒要温一温”........小人物的悲欢，极耐读，最后两章看得我眼泪都快下来了...,海阔天空祝沽笙,453188042
许三观卖血记,许三观背着一乐去吃面条这个桥段，在高中时把我感动的要死要活，而如今，更触动我的是老年许三观无助的哭泣，到了哪一步，没有安全感都是悬在头上的剑，抚摸喉咙的死神冰冷的手，我现在没有安全感，所以我很理解那种恐惧，要是有了事，不能卖血了，该怎么办呢，配合若干年后阎连科的丁庄梦，别有一番滋味,神威,537382542
许三观卖血记,看完了非常想吃炒猪肝喝黄酒,范筒,330396829
许三观卖血记,一部不那么惨烈的≪活着≫。不管是卖血还是别的途径，中国人的确都是如此活过来的。一生艰难奔波，却只完成了最基本的生活。可是这一本并没有那种绝望，更多的是悲悯和怆然。但是看似有希望并不代表真的有。生命加载的沉重，并不是走得快一点就能卸下的。反而会因为奔波而累加。到头来并没有换来什么，只是活着而已。世界崩塌了，不是轰隆巨响，而是一声唏嘘。,我不是盆栽啊,446484917
许三观卖血记,我觉得这是余华写过的最好的书。看完之后，我觉得难受。说不清楚为什么，就像胸口突然堵了一块大石头,你看起来很美味,530555009
许三观卖血记,"“猪肝先是切成片，很小的片，然后放到一只碗里，放上一些盐，放上生粉，生粉让猪肝鲜嫩，再放上半盅黄酒，黄酒让猪肝有酒香，再放上切好的葱丝,等锅里的油一冒烟，把猪肝倒进油锅，炒一下，炒两下，炒三下……",丁一,818583611
许三观卖血记,后期一乐肝炎许三观隔三岔五卖血的那段有点恐怖，想起《活着》里被活活抽血抽干的有庆了（没记错吧）。。。余华很会讲故事。。。陈忠实的《白鹿原》讲得更好，但可惜貌似就那一部，还是余华量大啊。。。,[已注销],724720980
许三观卖血记,印象最深的几个片段，一是许三观给受批斗的许玉兰送饭，之前打打闹闹，吵吵嚷嚷，日子过得不情不愿。危难时候给许玉兰送饭的却还是许三观。白米饭下藏着满满的红烧肉。还有叫魂的时候，他明明不愿意答应许玉兰，最后还是把一乐叫到跟前，说，做人要对得起自己的良心。,阿狸咖哆,508271593
许三观卖血记,读余华的小说总是有一种后怕，他笔下的那个世界如此荒谬，却曾脱胎于真实，其中的人们浑然不觉。那如今我们所生活的这个世界呢，又有多少荒谬是从未被察觉的。,寒汐,1045241696
许三观卖血记,余华在小说的结尾又一次写到那句“屌毛出得比眉毛晚，长得倒比眉毛长”，好像和开头的“无知”作呼应。结尾处理的轻描淡写，但余华的小说往往是结尾升高了一个“立足点”然后一呼百应，扇的现实讲不出话。故事的最后，许三观像一个孩子那样伤心的哭了，原因是他的血不再重要。这看似是对年老无用的讽刺。新的血头那一番话刺激的他害怕极了。他并不是为了卖不出血而难过，而是怕了往后不生不死的无情日子里，再也没了挽救方法（卖血）而对未来生出恐惧。历史急促向前。余华在外文版里说了那个富足社会里卖血供求关系的灵感来源。写这样一个故事更是对人本质欲望泯灭探寻。小说里坏人死了反倒是件轻松的事，现实世界比卖血市场还畸形。人好好活着是不可能的，一波又一波比死还难受的事情催促着你不断卖脸，卖血，甚至卖命。到头来却换一个“无用”的名声。,锐利修蕊,926588258
许三观卖血记,"人啊人,一世人,要安怎欢喜,过春夏秋冬.",芥末蘸酱,279398575
许三观卖血记,从许三观、活着到兄弟，余华的雄心就是用小人物写大历史啊。,项梓,367770536
许三观卖血记,一边想笑一边想哭,寂多蔓生,328505909
许三观卖血记,真是心疼死许三观了，每次看见他卖血就怕他会不会死了，更怕三个儿子变成小白眼狼。但是就和他讲何小勇那段似的，好人有好报的。（最喜欢看他和一乐的故事了，最喜欢给何小勇喊魂那段，简直扬眉吐气）,筷喜旺,836284549
许三观卖血记,发自内心地觉得余华一系列作品，比如《活着》和这部，其中的人性悲剧都非常虚假。这个事情也许是真实的，就是感觉余华描述这件事情时候的情感非常虚假，不落地的同情和不真实的共鸣，特别的刻意做作。讲真还不如路遥。,宇小敏,1021967705
许三观卖血记,我要吃猪肝,杜边生,23991926
恶意,我就是恨你，明明你是我最亲密的朋友，明明你是那么善良，明明你知道我猥琐的过去还帮我保密，明明你一直在帮我实现理想。可是我就是恨你。我恨你抢先实现了我的理想，我恨你优越的生活，我恨当初我如此不屑的你如今有了光明的前途，我也恨我自己的懦弱，我恨我自己运气不够才能不够，我恨我自己还没来得及成功就得了癌症。我把对我自己的恨一并给你，全部用来恨你。,Humble,588008980
恶意,看到三分之一的时候我以为快完了，吓一跳说这也太短结论的太突兀了吧，果然真正的内容还没开始。东野圭吾的想象力非常非常丰富。但看了几个作品以后，总多少觉得他太刻意的想制造那种意想不到的效果，推理的过程常常很精彩，但是结论未必上乘。这次的结果虽然也没有说不过去，但还是觉得他把精力全用在了动机的推理过程上，可动机本身，被发掘剖析的不够深。这次的主题，如果能够在这个社会心理问题上多用些心思，这个小说就会突破推理小说的框框，更有了社会作品的意义。也许每个人都会对看的第一部作品情有独钟，但我真的是觉得，白夜行里人物的心理被勾画的太完美了，是让人有共鸣有爱恨的活生生的人。看过的几部作品里，其它几部都是看推理小说的那种为了刺激想要赶紧知道答案的好奇，但是读白夜行的过程，既期待又害怕，这种成功恐怕很难复制。,小晨,360117076
恶意,就算被逮捕也不怕，即使赌上性命，也要贬低对方的人格。这才是高端黑啊！！！！！,瑾朵朵,507438760
恶意,没读过恶意，就不算读过东野圭吾，比起冤有头债有主，不知从何而来的恶意才最教人心寒，也持续的最久，这世上的多数恶意，大抵如此,张熊熊,511394347
恶意,本书可以改名为「东野圭吾：优秀推理小说是如何写成的」。每一次当你觉得事件合理可以结束时，他就会跳出来告诉你漏洞在哪儿。小说从一开始就是一个精心布置的局，利用小说的特性，把读者骗得神不知鬼不觉。实在是精彩啊！,[已注销],643455863
恶意,这么苦心积虑给人下套的鸡贼王怎么会写不出好小说？,达斯佛™,168065424
恶意,最深的恶意，来自于自卑。痛恨自己，把憎恨引导到别人身上，在他人痛苦中获得快乐，这样的阴暗始终无法回避。,李维北,184662928
恶意,我一直没有识破作者的诡计大概是因为80%的女人都喜欢猫,小郑小郑有钱挣,944899290
恶意,他的故事总觉得缺点什么。笔法好，故事结构很时尚。而已。,苏比,778537718
恶意,总感觉比较拖沓，到最后有点难以自圆其说的感觉。,BluerElephant,491844068
恶意,凶手心机很重也很聪明，但破案多少还是有点依靠警官直觉，读到最后没有那种抽丝剥茧，豁然开朗的感觉。（是我要求太高..._(:3」∠)_,过水忘川,845155737
恶意,我觉得《嫌疑犯X的献身》最好看,伊安,536823919
恶意,羡慕嫉妒恨的终极诠释。“就是看你不顺眼”的完美范例。适合改编。,内陆飞鱼,643563698
恶意,话说，我想到的问题是，换成汤川学的话，是不是把所有证据都摆在他面前，也发现不了最后的动机啊。。,SWX,688622528
恶意,继续标记 东野的三佳作之一 确实算是手记体中不错的作品 过程及推理倒是可以略去不计的 全书的关键不在命案本身和最后的拆穿 而在身患绝症野野口修的动机：希望能够彻底侵占作家旧友的一切 不止生命 还包括他多年来苦心经营的一切 此种恶意并不与复仇相关 说穿了无非不平心和自我中心主义而已,文泽尔,579662749
恶意,作为新手妈咪，在看到最终结局的时候很感慨。凶手体内毒液一般的恶意，也许就是源自当初母亲在生活中流露出来的偏见，应该也算是失败教育的受害者吧。谨记谨记。,荷马的玫瑰,699100490
恶意,完全颠覆以往传统推理小说的路子，从一开始就让读者知道了罪犯的身份，却始终能够吸引读者继续阅读。对人性的刻画入木三分，一个简单的案件上升到了探讨人性罪恶的课题。让人脊背发冷的不单单只是凶手真正的恶意，而是不寒而栗的自问，谁又没有过这样的恶意？,Q。,394733451
恶意,手记体给我的感觉是总觉得有点儿戏，正经不起来。其中有些情节觉得有点牵强又说不出,囧叔,253893012
恶意,读他的故事象拨洋葱，正觉得这一层构思巧妙，下一层出其不意又来了。,安潇,814214877
恶意,这个杀人动机多么可怕，又多么真实，作者真是洞察人性之恶。,贝比去南极✈,664244572
红楼梦,盛衰之理，本为天命。然而人心就是如此。眼见得他起高楼，于是便不忍心见他楼塌了。见过他鼎盛的时候，再看他的衰败就无比心酸。而更加可悲的是，目睹这场哗变的你，本就是这戏中之人。,朱红尽颓,532193706
红楼梦,"第一次看《红楼梦》，是小学五年级。因所有人都说，这是部名著，于是，期末考后，怀着极大的敬意与耐心，准备好好下番苦功夫。不曾想，从头到尾，一点不打绊儿地，没花多长时间，就囫囵吞枣地顺利看完，幼小心灵还因此生出些疑问：怎么一点儿不象名著呀，即不难懂，也不深刻，不就是些家长里短的故事集锦吗！

    留下印象的，不是爱情纠葛，不是阶级矛盾，不是白茫茫一片真干净，而是当时粗糙日常生活中，一些根本无法想象的精美事物：比如，一些菜品，要经过如此多复杂细致的步骤，才能一点点做出；比如，一些庭院宅子，院名的起法，树木的搭配，房子的色彩，有那么多讲究；比如，一些好听的布料名，一些古怪材质的饰品，一些用途不明的摆设；再比如，闲谈，对诗，饮茶……才知道，原来人可以这样生活，可以这样打发时间，而不被视为浪费生命，也无需心下内疚，有些无法理解，又有点儿想入非非。

    这或许是文学的另一个用处，让人从踏实细节处，活生生触摸到一个时代的体温。只是后来，每当我跟人说起，《红楼梦》对我来说，就是故事会，就是菜谱与家居指南时，十个会有九个半露出惊讶表情，让我觉得自己，可真没文化！
",fwb,9187511
红楼梦,亲戚是干什么用的大全,素梳影,43030743
红楼梦,长这么大，到今天才把这部奇书读完。觉得并没有那么多微言大义，倒是曹雪芹的文笔实在了得，对人的那些细腻情感拿捏得十分到位。特别想说的一点是，坚决认为林黛玉不能算是什么完美的理想主义者，她非但不完美，而且是毛病最大的一个。所有的问题又都归结于三个字——看不开！,时间之葬,753998970
红楼梦,"我觉得史湘云是最真的一个女子 黛玉 你就天天伤心吧。宝玉 你就天天游走在各个姐姐之间吧。宝钗 你就世故圆滑你的吧。唯独我的湘云手帕包花作枕醉卧青石凳，蝶舞翩翩。唯独我的湘云真真的直言快语管你是太太还是姊妹。唯独我的湘云妙语连珠诗词连篇造就“寒塘度鹤影”
",彦大多,186397707
红楼梦,一个呼吁：那些清穿小说的主人公你们风花雪月以后就不能顺道送曹雪芹个打印机么？,小朋友,1017476175
红楼梦,我的最爱。哪天死了，纸钱就不用了，《红楼梦》记得千万烧一部来。,百草幽香,880383216
红楼梦,“为官的，家业凋零；富贵的，金银散尽；有恩的，死里逃生；无情的，分明报应。欠命的，命已还；欠泪的，泪已尽。冤冤相报实非轻，分离聚合皆前定。欲知命短问前生，老来富贵也真侥幸。看破的，遁入空门；痴迷的，枉送了性命。好一似食尽鸟投林，落了片白茫茫大地真干净！”第四遍，还是没法不深觉牛逼。以及不管过去多少年喜欢薛宝钗还是林黛玉永远可以作为选择朋友的标准之一。我是个有原则的人，一辈子没法跟喜欢薛宝钗的人做朋友。,玛嘉烈玛嘉烈,698181541
红楼梦,满纸荒唐言，一把辛酸泪。都云作者痴，谁解其中味。,沉歌,29592644
红楼梦,我终于也是完整读完红楼梦的人类了。,蜉蝣,810172540
红楼梦,后四十回的续作者明显不如曹雪芹那样有才华，情节安排上也较为匆忙，完全没有曹雪芹那样的气定神闲。总是在想，为什么这样一部佳作，会遗失了后面的章节？难见到全本的曹雪芹所著《红楼梦》，终归是一件遗憾。,暗夜花儿开,459620834
红楼梦,宝钗这样识大体明事理的，的确宜家宜室适合娶回来，黛玉这样有才情又爱耍小性子的才让人爱，只是刻薄多心又爱动气的姑娘真是叫人喜欢不起来啊。还好，红楼梦本来就不是叫你去爱上哪一个人物的，大概每个人都有她可爱之处。,叶酱,718450655
红楼梦,很想坚持下去，可是到第85回还是怂了。有一句辞不达意的话叫做“由奢入俭难”，看惯了曹雪芹的水准，就没办法接受高鹗了。,未央不睡,721246171
红楼梦,重新遇到这本书果真是生活中太棒的习得，真的是该当圣经来读的一本书。知道归知道，执着归执着。《红楼梦》的迷人就在于此。她知道所有都是空的，但她在每一刻都执着。每个人生阶段都能读出新的体会。感谢中国有这么好的书。,夏小暖,864242476
红楼梦,真正的《红楼》，隐藏在每个人的内心深处，它就是我们的泪水人生；就是那“乱烘烘你方唱罢我登场，到头来，都是为他人作嫁衣裳”的荒谬；就是那“一朝春尽红颜老，花落人亡两不知”的无奈；就是那“因空见色，由色生情，传情入色，自色悟空”的轮回和缘起缘灭……从生到死，从空到空，每个人走过的，都将是“泪水”的一生，“情”的一生！最终也都将化为“食尽鸟投林，落了片白茫茫大地真干净”的无常。,芦哲峰,22849199
红楼梦,太好看！曹雪芹好叛逆。本以为会很闷，没想到读起来这么顺畅轻松。如果没有续书，元妃薨逝后的情节实在是压抑阴暗的让人绝望。最喜欢探春惜春，一个伶俐果断，一个能舍能断不牵三挂四。喜欢王熙凤，聪明利落，也挺善良。读完之后觉得金玉良缘不是个好词，象征着妥协草率、委屈不甘、凑合将就、平庸苦闷。宝玉从没爱过薛宝钗，也决不会爱上她，宝钗也没真爱过贾宝玉，不过是逆来顺受嫁到哪算哪，嫁到谁家她都会像如今这样持家有方周到圆滑的。金玉良缘，我真不羡慕。我一定会选林黛玉。她是真懂宝玉的，跟宝玉一样都是那种心无挂碍一门心思堂堂正正的想着谈恋爱的，不被俗事功名缠扰。跟黛玉在一起，生活不会无聊。红楼梦当中的真爱，那些纯粹干净的暧昧几乎都是同性之间的。我自己觉得宝姐姐可能是喜欢林黛玉的，那份周到体贴。贾宝玉真是难得的极品。,还有8分钟,847088440
红楼梦,中文系毕业要是没看过这几本书，真是丢死人啊，为了考试也得看啊！,苏豆芽,256589825
红楼梦,花了一个半月才读完，开始没进入状态，五十回后越看越停不下来。,大島,860455561
红楼梦,小学时候很迷里面的诗词。初中时候很迷消灭书中我不认识的字。高中很迷蹲厕所拿电子词典看这个……我，越来越低俗了。,我不是盆栽啊,404923224
红楼梦,我就不说我最喜欢的是谁,公元1874,527263013
挪威的森林,高中，果断是高中，后来不知道被谁在班里传来传去，还背负了看黄书的骂名！,苏豆芽,256589574
挪威的森林,想给两分我觉得不好意思，这本书盛名在外。不是我想标新立异。是我真的不知道怎么去理解，一个男人可以同时爱两个女人。而且我并没有觉得这本小说是多有吸引力，我是一次一次无聊才看完的。而且你少点性的描写会死么。完了。,你看起来很美味,539173872
挪威的森林,弥漫着极不健康的自我欣赏和自我怜悯情绪的男性意淫文字，极大误导了青春期男生让他们对女性充满了错误的印象。庆幸的是我只是在青春期的末尾读了几遍，即享受了意淫的快感又及时掰正了扭曲的认知。,九只苍蝇撞墙,841925297
挪威的森林,《论同时与犬型女和猫型女交往的危害性》/《工口游戏剧本入门》,Levin Lee,671466199
挪威的森林,死并非生的对立面，而作为生的一部分永存,shu,45530537
挪威的森林,小时候我妈非要让我看，我含糊其辞说不看了，是因为之前我已经偷偷专门翻阅过黄色内容了……长大了再看，看懂了那黄色内容背后的绝望和孤独。人心多么空旷而恐怖。你在我身边也好，不在也好，我的孤独是与他人无关的。,我不是盆栽啊,326812741
挪威的森林,村上春树的成名作。个人认为一般，只对小林绿一个角色印象深刻。再次证明，读书不能人云亦云。,伯爵在城堡,522896149
挪威的森林,对不起，那时年少不懂事，当黄书看的。,六十六个猴,470866004
挪威的森林,看到你们都有病，我的心里好受多了...,吵,653926736
挪威的森林,挪威没有森林，好像重庆没有森林一样,大魔王ღ,1948662
挪威的森林,是谁给了我这本书 ，让我明白孤独。,Morning,326959191
挪威的森林,不是很喜欢，我讨厌这种不疼不痒的书,崇子,26116159
挪威的森林,某人结婚的时候我问M，如果送一本挪威的森林会不会很过分。M说过分了。于是我淘宝了一对草泥马送去了。,汪三三摇尾成风,468071626
挪威的森林,二十多岁时，曾经是骨灰级村上粉丝，几乎看遍了他所有的长篇，看得懂的，看不懂的，都看了。村上的人生观似乎是两元的，他在好几部小说里都给出了这种两元选择。比如这本，直子代表悲观，虚无，灰暗的人生。绿子代表乐观，坚强，积极向上的人生。多数人可能会肯定后者，否定前者。但是村上没有，作为一个高明的作者，他只是呈现，并不评价，只是描写，并不判断。因为他知道，世界是多元的，人性是复杂的，阳光背后有阴影，是非之间并无绝对的界限。,罗姽,616836792
挪威的森林,我觉得，春上的忧伤就是平静地叙述本该嚎啕大哭的事。,动机在杭州,491564627
挪威的森林,重读一遍的心境完全不同，有隐忍的痛苦，“哪里会有人喜欢孤独，不过是不喜欢失望”，相比上学时期可能现在看来感触更深，总有人逼迫你成长，任何事情也总要有代价。,鬼 鬼 ™,754428841
挪威的森林,一个时代的经典，但也只属于那个时代,公元1874,417928017
挪威的森林,= =……我真的很无奈  搞不懂它为何如此受热捧  或许本身的翻译问题  很多句子颠来倒去  看得很头疼,桃兜兜,462844529
挪威的森林,读完之后淡淡的忧伤 让我吐一会儿,小岩井,444468906
挪威的森林,可惜我不懂村上春树。,王大根,428668114
围城,男人的西服、礼帽、衬衫、皮鞋。女人的旗袍、高跟鞋、草帽、丝巾。统统被夺了去，他们赤裸裸的、所有真实与不堪全摊开来。男人的怯懦，女人的刻薄。血液流动，肌肉收缩，蓝的静脉，红的动脉，白色泛黄的骨骼。这是唯唯诺诺的、自大的、逃避着的、自欺欺人的中国人。有人的地方就有政治。男男女女，也不过一场博弈。可是我们谁也离不了谁。还是冯唐坏水最多：他说希望上天安排张爱玲和钱钟书凑一对，看谁刻薄死谁！,我不是盆栽啊,352612132
围城,　我不禁想起了培根的论读书，读书不应该为了炫耀，装潢，而应该是为了丰富自身，提升自己的精神涵养吧。一个读书人骨子里的干净和纯粹，那种浑然天成的优雅气质，和无所谓的态度，却不是一个心怀杂念的人能够比得了的。知道比不了，就可以放弃比较的心，炫耀的心了。就可以把读书这件事，放得低些，再低些，低到功利心都无趣了，褪去了,第五象限,310979017
围城,真后悔买了这本书！看完以后再也不敢说自己写过小说了,囧叔,644654167
围城,钱锺书先生的文字才能称之为幽默，阳春白雪的冷幽默除了韩寒在《三重门》中模仿一番现世倒是十分罕见的了。小说的带入感太强，就算断断续续也能让人读罢感觉自己就是个“不讨厌但是无用”之人。,一凹,487920241
围城,外面的人想进来，里面的人想出去。不仅仅是婚姻，世间万物都是如此，人就是如此矛盾的动物。,诸葛若见,433394588
围城,如今再看方鸿渐，仿佛被附体的感觉……,小岩井,480104698
围城,读的时候快要笑死了。。。。如果出在现代绝对是腐女最爱orz,叉烧包小队长,574781585
围城,前半部很好，后半部太弱太聒噪。,王大根,428666753
围城,围城的含义或许是多重的，而婚姻只是被普遍接受的一种解读。,匿,653550990
围城,修行88th，我相信不只是我一个人这样做，当人们认为你读书不少，当你确信一本没读过的书的质量，当你了解这本书的特点，知道一些评论以后，是没人会发现你没读过这本书的！~是的~我今天才读围城，读完之后很确信这是钱公游戏人间随意之作。后人随意拔高的行径有点过火，全书从头到尾那股随意劲挥之不去，这本用来讥嘲用来消遣的书中每个吐槽都比人物和情节重要，其实吐槽的质量也非绝顶，贱贱的贫贫的而已，钱公毫无疑问没投入多少精力和专注力，就是写着玩的，反倒是止庵说的精当“围城其实没大家炒的那么好，只是那个年代大家谁都没见过什么聪明人，突然见到一个，太过惊喜而已”,神威,691843130
围城,看着门里门外的人进进出出 自己却不小心就这样坐在门里看了一辈子,春焼辰,879316020
围城,有的作者卖弄他的道理，浅薄得很，却沾沾自喜，让读者替作者害臊；钱钟书先生呢，卖弄起来，却让人折服，觉得可爱，有时还不幸成了他笔下讽刺的对象，虽然处处刻薄，却透着人情味。人物个个鲜活生动，对话密不透风，唇枪舌剑。里面浓厚的人情世故，让人仿佛置身其中，感同身受。讲的道理倒是挺多，通过主角方鸿渐等人口中说出来，却不轻浮多余，句句都说得妙趣横生，切中要害，一点说教味都没。这没有一定的知识积累、人事阅历、幽默以及高度的敏感力、还有天资聪慧是作不出来的。钱钟书写了这本《围城》，故事情节次要，小说技巧次要，生动的人物，诙谐的对话，处世道理，做人经验，和高深的幽默技巧，才是主要。有的作家主张“切勿卖弄”，但我觉得，除非你达到钱钟书的高度，否则还是直白浅薄一点好。,泽帆,56484142
围城,弱弱的问一句，为什么方鸿新和赵辛楣最终没有在一起？钱老先生是被神坛供起来的么？各种摆弄文字技巧？各种基情，各种调戏良家，什么时候豆瓣的青年们给出了这么高的分，ohshit。推荐指数：3星。,孙大侠,649235399
围城,我真心讨厌这本书，讨厌这个作者。以前看的书不够不敢评论，现在看多了，看到自己喜欢的佩服的，再回过头来看围城，果然还是觉得很难看呢！,Cassie,927408236
围城,重温翻出来满纸的谐趣。突然想起《我们仨》里一张钱钟书年老后的照片，一双眼睛依然闪闪发亮，透着孩童般狡黠的神情。,夏一慕,842082691
围城,自以为是的烂东西。钱钟书也就剩卖弄聪明了。,只有霸王,770553228
围城,初中的时候我就知道自己长大是个废柴了。我很坦然。,一千,1026141953
围城,杨绛在附录里写方鸿渐取自两个人物，一个志大才疏，一个狂妄自大。当真是头重脚轻根底浅，嘴笨皮薄腹中空。小时候感觉不深，现在觉得这男人是万万不能轻易托付的,唐书钰,819863021
围城,基得很！,retriever,521828296
围城,油滑且自以为聪明，虽然钱钟书可能是一流学者，但围城只能是本二流小说。,小波福娃,20034003
三体,一直认为写作是件很耗费体力与脑力的事情，特别是从新构架一个新的世界，一个文明。这需要你有丰富的尝试与思考，过去，我们从来不缺少天马行空的想象力，但是少有一个如刘慈欣般有着历史、物理学与哲学思考的作者。所以从这个角度来讲，三体的出现对中国科幻界绝对是幸事。霍金之前曾经警告过我们，如果有外星人，他们对地球也是恶意的。那时我不懂，在读完这本书时我回想自己小时候拍打小虫子时的情景。或许，在更高级别的文明里，你我只不过是虫子。,方方土君,425448896
三体,幼稚，各种。对人性、对社会的运作方式的理解处在小学生水准，对女人的想象处在童男子水准。另外就是文笔之差，叙事毫无技巧，语言之粗糙，之鄙俗，让人不忍卒读。上不了台面的东西，给两星，因为我品性中宽厚的那一面在发作，另外略略懂科幻迷的感情,[已注销],325720516
三体,有点屌，也有点“作者语文是物理老师教的”的感觉,李娇娥,844784293
三体,流水账似的科幻小说。作者的文字能力、人物塑造能力和想象力都很有限，思考也不深入，就是框架很宏大而已。,蓝调共和,349651420
三体,一流故事，三流文笔，慕名而读，感觉上当受骗了……,大萌,867061757
三体,大刘不是文笔平庸，是根本没有文笔和人物。三体之所以仍旧很好看，的确仰赖其在物理、历史、数学、哲学方面极其渊博的知识，和将这些知识串联起来的想象力。不过还是会觉得遗憾，没有心理建构小说，那种震撼永远是表层的。,Peter Cat,833052125
三体,感觉今天是泼冷水之日啊，突然意识到自己曾看过这书，感觉就是个故事会+网文的综合体，他能获得雨果奖，我觉得翻译的文学造诣应该不低,大瘦瘦,952671311
三体,最牛逼的科幻是能把最疯狂的想象写的像新闻报道一样真实。,亚比煞,474389258
三体,文科生表示，已尽力，但真的很不好看！！逻辑松散、文笔差、人物个性几乎从头到尾都没有建立，大段大段的跟故事推进并无多大关系的所谓“科幻”描述并不会让你显得有多高明好吗？不敢想象这么差的东西怎么改编电影，编剧要非作者本人，估计得吐十斤血才能改的看起来不那么晦涩且幼稚吧？不是堆砌一堆似是而非的理论，摆几个面壁人、破壁人、乱世纪这样的辞藻就能算是“中国当代最出色的科幻小说”了，亲！吐槽好累。。。。,少年 遊,907664459
三体,我看之前接收到了很多关于【神作】【中国第一科幻作品】之类的信息，所以可能让我怀抱的希望太大。这个作品的部分主干的逻辑我是很同意的，但是抛弃掉这些主干逻辑和科幻的外表以后，主要人物和描写手法，都有点像【一点点】非常大流的玄幻文。ps男性科幻作者假如能放弃描写女性，放弃描写科幻爱情的话，那才是中国科幻的春天。,姨妈的鸭,868014468
三体,我觉得我这个人啊，太文科了，读不出快感来，只读到恐惧感来。但作者和他的情怀，超过五星。,李荷西,530176894
三体,“刘慈欣对于中国科幻，就如同姚明对于中国篮球”“刘慈欣凭借一己之力将中国科幻提高到了世界级水平”。读完才知，名不虚传。,小海,775603452
三体,人物刻画实在太刻板，结构也差，感觉就是刘慈欣的语言表达能力根本无法承载他的想法。也就有些情节尚算可圈可点吧,于夕,863029219
三体,不是一般的啰嗦。,S.A.M,837562522
三体,论文笔的重要性。。。如何讲砸一个好故事。。。,张熊熊,851912743
三体,毕竟还在用“就像小鸟眷恋着天空”这样的比喻，算了，都是文科生的矫情。,赫尔西,873623154
三体,终于正式全部看完了，终于可以正式表示不好看。。。,自求多福totoro,422940249
三体,星空如此浩瀚，人们却只能为蜗居浪费一生。活该被鄙视：你们是虫子。,73,664696911
三体,对于这部几乎被誉为“当代中国最高科幻水准”的科幻大作，我却很难从中得到任何阅读的快感，反而是为了一探究竟（到底它牛逼在哪里）的心态支持我看完。虽然已经在看第二部，但目前还没发现有什么惊喜出现，且由于大量的物理名词出现，使得阅读感越来越差。,aaron,759670912
三体,不爱跟风所以拖到现在才读过传说中的三体，作为小说它的技巧叙述手法和人物塑造简直惨不忍睹（多年前第一次读刘慈欣到现在他的文学修养怎么一点长进都没有），但是故事的内核很饱满丰富，干货多，粗糙但不乏深刻，坚强一点的话可以无视文笔技巧挺过去读完。3.5星吧。,小波福娃,657293407
嫌疑人X的献身,被震爆了。西方作家打死也写不出来的一类小说。还不是纯东方的，而是纯日本的。石神的情感模式和日本武士道剖腹、神风敢死队自杀式攻击的献祭式情感模式是完全一样的。瞬间的喜悦。瞬间的悟道。极致的浪漫。,LOOK,892993984
嫌疑人X的献身,每次看到微博上黑数学的言论，很想跳出来说数学的优雅和实用是学不好数学的人体会不到的，数学是我认为唯一受益终身的学科，数学不好会影响写稿。。这本书给我强烈的知音感，必须强调这种感觉不是主人公数学天才给予的，而是东野的叙事方式。案件的谜底并不十分惊人，书名其实已经揭晓谜底，整个案件是一个清晰简明的定理，优美的是证明这个定理的步骤。更令人感激的是，东野把情感设置为这个定理中唯一的漏洞，数学天网恢恢，控制不了人情这个变量，真是深切地熨贴了文科生脆弱的小心灵,江仙*响姐,715119926
嫌疑人X的献身,爱情的残酷在于，即便如此，依然不会得到爱。,栗,68108824
嫌疑人X的献身,最后那个抛给靖子和石神的道德情境设置非常非常精彩，不能赎罪的痛苦是石神永远无法用数学来计算和衡量出靖子所可能做出的选择的。,原来是西门大嫂,361459838
嫌疑人X的献身,看的我浑身一个激灵，一身鸡皮疙瘩。要有多爱一个人，才能够做到完全抛弃自己，抛弃自己的生命、声誉、挚爱的数学、爱情、快乐、幸福以及那人生还未发生的未知的美好。当你觉得那个人已经做到极致的时候，你却完全想不到他所给予的远不止你看到的这些，着实很难忍住那激荡的情绪。躺着看书的我，已经忍不住坐了起来，震惊震惊震惊。这就是东野圭吾。这就是这本名符其实的赞誉满满的推理小说！大赞！,猫语猫寻,665311916
嫌疑人X的献身,逻辑的尽头不是理性与秩序的理想国，而是我用生命奉献的爱情,疯疯爱,243590910
嫌疑人X的献身,深情即是一桩悲剧,葵花卷,155418768
嫌疑人X的献身,东野圭吾真是强啊，总是在最最后的短短几页，颠覆读者所有的假设。我不相信有人预测的出这个结果，却绝不突兀。这么顺理成章的意外结局，你还能写出多少种来，我们拭目以待吧。,小晨,360116669
嫌疑人X的献身,有时候觉得汤川的情商也很高，能够细腻到发现石达摩一句简单赞美中的内心。。。看完我就忘记了作案手法，却忘不了石达摩自杀前打开门看到邻人那张温暖的笑脸,小岩井,582150443
嫌疑人X的献身,东野只有这本和《白夜行》我给五星。阅读过程真是痛苦，真是痛苦,扭腰客,104991670
嫌疑人X的献身,结尾像是在快进。,帕丁顿,720639981
嫌疑人X的献身,有时候，一个人只要好好活着，就足以拯救另一个人。,黑色七月半,320648744
嫌疑人X的献身,[ 她从未遇到过这么深的爱情，不，她连这世上有这种深情都一无所知。石神面无表情的背后，竟隐藏着常人难以理解的爱。 ] 汤川的坦白、婧子的自首，这些最在意的人将石神的牺牲变得毫无意义，这是石神最大的悲哀。,Urban_Solitude,529315998
嫌疑人X的献身,还是白夜行好，连续读完东野的三本小说解忧、白夜、X，受到不小的震撼，不是惊叹于他对犯罪手法的精妙，只是在思考，是不是需要更多的语言和情节来塑造人物，他写的不是侦探小说，写的都是爱吧。,乙左左,868149403
嫌疑人X的献身,难以理解的深情，其实只能自我感动。,大萌,631253784
嫌疑人X的献身,确实很牛，我读过的每一本东野圭吾给我感觉都不一样，这本书的感觉是：一个一生都理性的人却用一次感性了结了余生。,胖达叔,1043498529
嫌疑人X的献身,那个“技师”太无辜了,我做导演不为艺术只为潜规则,671335283
嫌疑人X的献身,不觉得多好看………………………………………,元婴,896813892
嫌疑人X的献身,一口气看完确实很爽，要求过高还是怎么样，解密时反倒想跳过去，作者为了一个要传达的理念，刻意把诡计布置的很简单，当做社会派推理小说也不错。很满意石神和婧子这样的组合，因为一开始就有了强烈的化学反应。科学上的天才，社交上的白痴，这样的人物看过很多，真正的感动的是石神无论是对于数学还是婧子，只要喜欢，就不会有所怀疑有所保留，并时刻以命相抵。,袁牧,679792118
嫌疑人X的献身,如果你不能幸福，那么我所做的一切都没有意义。——可是，你牺牲了那么多，她又怎么可能幸福呢？,好姑娘老妖,1058019225
活着,读《活着》的过程我很平静，除了有庆献血而死的描述让我呼吸急促。在那个年代像福贵式的悲剧小人物多如牛毛，他们愚昧，勤劳，坚强，隐忍，他们被时代的洪流裹挟着无法喘息，唯有努力活下去才能活下去。福贵的悲哀是每一个中国人的悲哀，谁都无法幸免。第一次读余华，他看似沉重冷静的描述却字字见血。,炎樱,733850873
活着,读起来太顺畅，经典就是经典,拎北闲闲没代志,829897197
活着,第一次见序这么多的一本书。,宇小敏,941598147
活着,看见了人生悲苦，看见了底层人民的乐观和坚强，看见了生命的柔韧，看见了命运和岁月那不动声色的力量。,伊莎贝尔·慕卿,796116035
活着,在《活着》中，管去世叫“熟了”。最初是福贵的爹“熟了”，初闻不解，后文说道，人死像熟透的梨，离树而落。梨者，离也。,黑点小虎,1005830429
活着,我看着那条弯曲着通向城里的小路，听不到我儿子赤脚跑来的声音，月光照在路上，像是撒满了盐。,苏木,933838653
活着,像被悶槌重擊的胸口，無法喘息的痛。,沈韶君,864148102
活着,“人是为了活着本身而活着的，而不是为了活着之外的任何事物而活着”,晴破ㄣ我很好,812550953
活着,朴素的语言描述了福贵的一生，经历了中国的各个时期，内战、人民公社、文化大革命，福贵还活着，陪他经历这一切的人却纷纷逝世，老的、少的，都顷刻湮没在历史中。中文中的这两个字：活着，太贴主题，不是生活，不是苟活，就是活着。,暖暖,858390813
活着,好几次读了。我们来这世上一遭，当然不能只为了活着。要追求更长远的人生意义。但对于一些遇到点小挫折就悲伤难过，仿佛全世界只有他一个人运气不佳、波折坎坷的年轻人，实在很有必要看看《活着》。不是叫你来比谁惨的，而是叫你知道，大家都有不容易的时候，每个人这辈子都遭遇过许多苦难。你那点破事儿，根本不值一提！坚强些吧！好好活着！,[已注销],962789723
活着,眼里看的是别人的故事 心里想的是自己的生活,老汉手植石榴树,665843082
活着,意外的好读，应该是我读过的国内小说里最好读的，没有之一。读完一直纠结“有必要这么惨吗！”平静下来想想，确实可能这么惨。只能说，还好改革开放了。感谢邓小平。,D君,915088320
活着,余华笔下的精彩，是他没有废话。一个人为之一生的跌宕起伏，像是一艘破烂的小船挣扎在狂风暴雨的大海里，但这却是很多年以来中国农民的写照：隐忍。有庆之死让我难过了好一阵，二喜的哭又让我心里一凉，所有的悲剧并不是一个人的命不好，而是让人感受到“活着”本身就是一种力量，你以为是命运选择了你，但你能选择人生态度。,Scorpio|千寻,717488671
活着,余华的笔法是残忍而善良的。福贵的命运仿佛神话悲剧一般不可违抗，在旁观者我的视角里不断苦熬着，而作为＂你一生的故事＂中自身的叙述者，他有只是那个灾难时代的普通人一般生活着。末了哼着＂少年去游荡，中年想掘藏，晚年做和尚＂消失在视野中时候，作者又给予读者一丝安慰：活着的意志，是他唯一没被夺走之物。人生对他而言，“窄若手掌又宽若大地”。,想埋大姐姐欧派,735907704
活着,有些时候我真想写点这样的文章，看完人家的东西以后你才知道自己写的有多肤浅。,吕抗美,942850860
活着,谁过中国人没有信仰？中国人的信仰就是两个字，活着。,Kevin Lee,1037092658
活着,福 。贵,一百七,866047022
活着,"to living is luck,but life sucks",野生的格子菌,857004848
活着,从凤霞难产而亡开始，眼泪止不住地掉，每每回忆时也免不了眼角的湿润。正如余华在序言中说到的，时间是最好的见证，时间造就了一切：苦难、喜悦、悲惨等。也是时间让我们看到魔力，看到活着的魔力。,進撃のyuki,878553805
活着,（其实看的是这一版）余华在序里说，外人看起来是悲剧，可当事人只拿它当一段人生。突然理解了孟京辉选黄渤做主角的用意，当真是绝妙的一笔。在甘南的这一路读完，尤其是在桑科的那一晚，读一会儿便抬头望望藏民，或埋头熬茶，或无声诵经，或扯着裤子站在自家草场上发呆，或招揽过往游人夸耀着手上这匹老马。No judgement. It's just life.,Urban_Solitude,733888516
白夜行,昨晚两点开始看《白夜行》一直看到天亮看完。展现出东野圭吾对复杂叙事的掌控能力，精彩绝伦。但是我最欣赏的还是他对恶的动机，那种孜孜不倦的探求，一直向灵魂黑洞最深处走去。他书写的恶往往不是凡俗的恶，而是一种提纯的，高智商的，有分寸的，肃穆的恶。那种恶最终会让人动容，和纯粹的善一样。,柏邦妮,328413878
白夜行,他们再也没有长大，她从不以真面目示人，他则是那个至今仍在黑暗的通风管中徘徊的小男孩,眠去,134739626
白夜行,不适合当睡前读物是真的。。。,叶纸君,677984061
白夜行,很庆幸读的东野的第一本这么对味。看到10％已经给你摊出凶手，可接下来你只会更焦躁地追寻其动机。圣诞老人梗（圣诞老人是爬烟囱给孩童送幸福的吧，对应亮司小时候爬通风管道梗）最戳心戳肺。,年 年,771354387
白夜行,一次惊雷般让人震颤的结尾……我难以形容我现在的心情，因为我是在KINDLE上看完的，而KINLE上的排版出了问题，356页即结束的书却显示共有389页，于是当我看到356页“全文完”时的那种心情……这是真正的猝不及防。,小海,512262732
白夜行,大家顶着爱这个词，其实干尽了人间丑事。,Zeoh.,483335893
白夜行,终于补完，东野的书读的并不多，对比白夜行和嫌疑犯X，感觉他是那种，前面看起来都在写推理，可又不是特别难的那种，处处给你放线索。到了结尾才发现，他根本不是在写案件，他写的是人，是人心底的东西。,Urban_Solitude,848725693
白夜行,对书评里洗白雪穗的人理解不能，她从未想过追求幸福，十九年来重复着夺取，灵魂终于在亮司坠楼那刻燃烧殆尽，亮司说想要在白夜里行路，作为雪穗的影子一直在赎罪，然而不论幼年如何崎岖畸形，他们仍旧用受害人的鲜血将罪恶的果实繁育到瓜熟蒂落。,葵花卷,643321078
白夜行,把杀人当手段，强奸当武器，在黑夜里前行，她一次都没有回头,瑾朵朵,357686211
白夜行,狗血啊！满篇都是狗血！  就是言情剧和宫廷戏里面那种阴谋诡计被包装成侦探小说了    看了没多久就知道桐原亮司和西本雪穗是幕后黑手大Boss了，但是偏偏又墨迹了几百页才算完，大部分篇幅毫无悬念感啊，尽是一些阴损的计谋啊，和言情剧不同的是，这里面死了很多人而已。,hiro,616910932
白夜行,一声叹息。人生之棋，一步走错，满盘阴影。,小岩井,817791741
白夜行,看白夜行，就感觉在一边层层剥开洋葱，接近本质，一边被其辣得睁不开眼。最后才发现，这个洋葱没有心，或者说，比没有心更可怕！整个人不寒而栗！,郭大虾,389618208
白夜行,一开始我想，透漏了这么多细节岂不是毫无悬念了。接着，没出来一个新名字我就怕他们俩又怎样伤害他们，无力和悲伤一直伴随到结束。桐原才是真正行走在白夜里最可怜的人吧。ps 我在自己为雪穗设想一个结局。因为如果她不被揭穿，我就会被气死。,希哈。,417713207
白夜行,果然厉害 这么大一个人物网络 跨越这么长的时间 前前后后基本上能做到自圆其说 了不起,江凌云,776027544
白夜行,真心的说一句牛逼！恨不得一口气看完！最后的结局心里只存在一句话，最毒妇人心啊！亮司和雪惠似乎并不相爱，只是相互依存的关系，或者说是相互利用。只是觉得东野圭吾很大胆，这样的情节设计在晚上阅读的时候总是觉得背后发凉，一次次的谋杀和强奸让人深刻觉得人性的阴暗，不仅觉得悲凉更多感觉的是可怕阴冷，气氛营造很好，从不同的人物去描写，最后再全部理顺拼凑在一起，不亏是成名作！瞬间变成粉丝了。。真棒！【我的天空没有太阳，总是黑夜，但并不暗，因为有东西代替了太阳。虽然没有太阳那么明亮，但对我来说已经足够。凭借这份光，我便能把黑夜当成白天。我从来就没有太阳，所以不怕失去。】,鬼 鬼 ™,706108259
白夜行,完美的大结局总不会让我记很久，有遗憾的主人公总让我无法忘怀，哪怕在日常生活中想起他们的名字，我也会萌生出一种对老友的怀念，西本雪穗是一个，桐原亮司也是一个。,大島,722662527
白夜行,东野圭吾的故事，动机比结果更可怕。,流浪の小圆头,736017611
白夜行,深深被雪穗的戾气给震撼了，她是一个恶到了底的人，即使童年受过伤害，但这也不能成为伤害别人的理由。婊砸初级阶段是《机械姬》，为了生存作恶；中级阶段是《gone girl》，为了复仇作恶；而终极阶段就是《白夜行》了，为了自己不惜一切代价滴作恶，雪穗这种人就是潘多拉，只会给所有人带来不幸。,南璎珞,964481128
白夜行,有你们说的那么好吗？推荐过度了,老蔡,125551889
白夜行,共生关系，我的最爱...结果被这个工科写手又草草处理掉了。好多担心读者看不明白的自我解扣简直破坏我的分析乐趣。十几本读下来，他最大的特点就是好多本来就莫名其妙的线也不明所以的不提了，跟我褥子里的棉花一个意思。还有什么女主雪白胸脯压小女孩之类的情节，mb，工科男！,yum,402254232
小王子,十几岁的时候渴慕着小王子，一天之间可以看四十四次日落。是在多久之后才明白，看四十四次日落的小王子，他有多么难过。,眠去,10287387
小王子,读了好多年，终于读完了，但是实在共鸣不起来，虽然知道那些道理，但真的觉得没什么了不起啊，是我还太幼稚吗？,小岩井,480104477
小王子,我早该猜到，在她那可笑的伎俩后面是缱绻柔情啊。花朵是如此的天真无邪，可是，我毕竟太年轻了，不知该如何去爱她。,[已注销],851287159
小王子,我的玫瑰花儿，只有四个微不足道的刺，用来抵御这个世界。,渍,575471489
小王子,这是一本定位颇尴尬的名著，薄薄的一本小册子里充满了太多的暗喻和说教，对孩子来说看不懂且沉闷，对大人来说，也许能够理解其中一部分的暗喻了，但是却又早已成为了书中的“成年人”。,河狸,1019114317
小王子,说实话 我看不太懂 但还是跟风给个5星吧 以显示我也是有思想有学识之人,黛安Diane,193119339
小王子,虽然我实在幼稚，但我并不怎么喜欢孩童般的纯净，我只爱风浪过后的平静，流水打磨出的清亮，大雪纷飞时的安宁，沧桑看透的纯真，我爱眼冷心热的庄子，人究竟无所逃于天地之间，各适其性，做自己认为有意义的事就好了，无论是统治宇宙还是喝酒点灯，对他们来说，都比爱一朵玫瑰重要，这不是很好的么,菱夏,961360514
小王子,不能理解的是，為什么它忽然紅成這樣？,北溟鱼,26285645
小王子,他像一颗树那样倒了下去,猫伯爵,349150347
小王子,"狐狸告诉小王子的秘密是：用心去看才看得清楚；是分离让小王子更思念他的玫瑰；爱就是责任。 
",蛇,182423079
小王子,我老觉得小狐狸跟小王子是在搞GAY,杜边生,25726069
小王子,第一遍读时，我才4岁。等到真的读懂，才明白为什么这是一部“童话”。,7酱™,456621403
小王子,原来在我还不懂爱情的时候就爱上了你,暴走系乙女药,489033929
小王子,It is the time you have wasted for your rose that makes your rose so important.,谋杀游戏机,453513383
小王子,痛苦迷茫不是因为成为了“可笑”的大人，而是成为大人却没有真正长大。所以回过头来想要从怀念童年中解脱缓解痛苦那是本末倒置的做法。如果你作为一个成年人觉得痛苦，原因不是因为你“成年”了，也不是因为是生而为“人”，而是“你”停止了思考停止了学习。,Cassie,965894472
小王子,如果你是小王子，我就是那捉鸡的狐狸，求你驯养了我，却又对你说要你回去对你的玫瑰花负责。还大方地以为只要看见了麦田就会想起你头发的颜色。我却永远无法随你回到B-612星球。现在觉得，我可能只是猴面包树而已。,電気ブラン,603728707
小王子,"爱屋及乌，爱一个人会让周围的一切变得美好，连麦浪的金黄都会让人心醉。 
　　　　 
　　　　爱同样意味着责任。因为“你现在要对你驯服过的一切负责到底”。爱与被爱都有责任，每一段我们曾经付出过的感情，都必须为对方，为爱情负责，不是吗？ 
　　　　 
　　　　爱很多时候又会面临失去。小王子离开的时候，对狐狸说“那么你什么好处也没得到”。狐狸回答：“由于麦子颜色的缘故，我还是得到了好处”。爱同样意味着宽容，意味着放弃，也许我们在面对渐行渐远的爱情，该抱着平和感激的心态，因为我们起码收获了麦浪的金黄！ 
　　　　 
　　　　狐狸同样告诉小王子，“只有用心才能看得清。实质性的东西，用眼睛是看不见的”。只有这样，才能让我看清爱的本质。 
　　　　 
　　　　爱是什么？ 
　　　　 
　　",[已注销],525136708
小王子,一边读一边很想哭。太寂寞了。人类真的太寂寞了。,陳蘇蘇二逼人生,187886645
小王子,漫山遍野的玫瑰，但真的，我最喜欢最初的那一朵，带刺儿的那一朵。我能不能回去继续浇灌那朵玫瑰⋯⋯,E,252280247
小王子,谁能告诉俺，小王子这种书有什么好看的？,陈毓秀,713800182
解忧杂货店,真的要到很久以后，才会明白，每一个选择只要努力过，都是正确的选择。,失控芭乐,844365694
解忧杂货店,被第二个故事感动的体无完肤。那种年轻时的倔强、无法实现的梦想、来自家人的默默支持、心中的悔过与愧疚、直至最后坦然接受命运……当他的梦想以另一种方式被实现时，那份不易，让人鼻子一酸。,天亮天黑,848609273
解忧杂货店,东野圭吾君肯定是村上春树上身了，不仅有披头士的酒吧，还阐述了所有的相逢都是久别重逢，即使无法在一起，在命运中还是有一条细细的红线。,mangojune,824349436
解忧杂货店,我想把这本书推荐给我所有重要的人看,向亦异,830871382
解忧杂货店,对于东野来说，这是一本温柔的小书。可能也只有东野，能把看似这么多温柔美好的小故事，巧妙精致地联接起来，读到最后一分钟，才恍悟原来前后都是有必然联系的。人生如此奇妙，不好好过又对得起谁。,Miffygaga,823290667
解忧杂货店,书里面附赠了一个书签 也许编辑没意识到 有些书是不需要书签的,阿联酋十四阿哥,890657929
解忧杂货店,浪费了火车硬座上的深夜时光，这本书口碑很好，期望过高，读完觉得差劲。每次看到kindle上某一段有很多人标注的时候真不明白这本书里有哪些字句值得标注出来。,钟,857714412
解忧杂货店,丸光园像是守护孩子们的母亲，而浪失杂货店像是教导孩子的父亲，浪失爷爷和皆月奶奶虽然没能在一起，但是他们无疑一起养育了很多孩子，使其成为了了不起的人。,孤傲的猫,897991529
解忧杂货店,白夜行的结构，平行世界的构思，击不中痛点的煽情，做作的巧合，excel写作的作者。还不如看天涯帖子，我要回1997年了。,苏比,832530074
解忧杂货店,时空交错和多线索叙事的高端治愈系鸡汤。最后一个故事减一星。预言者教人把握时机炒股和投资房地产的桥段实在是败笔。,2koo,822978456
解忧杂货店,最喜欢最后一个关于白纸的回复，能够给出这样的回答爷爷真是太棒了！关于浪矢杂货店和丸之光孤儿院的羁绊，我想大概是多年前那对未能私奔成功的男女在冥冥之中对彼此的眷恋吧，就让我们在天上照顾彼此挂念的孩子们，这样想会不会觉得很温暖呢？推理界的言情小说家写出了这样推理气息单薄的故事，居然还不难看，真是略意外啊。,望仔滚去减肥,843656633
解忧杂货店,《解憂雜貨店》解的是別人的憂，卻在無形中填補了我們內心的破洞，並用最巧妙的方式告訴你：微小卻長存的善意，才是解憂的不二之法。,愛永,893858633
解忧杂货店,技巧近乎完美，但内容其实……老套路啊。真是厉害的作家，可惜只能是个匠人——没有原创灵魂，写别人故事的匠人,is4dog,825424359
解忧杂货店,其实所有的答案都在自己的心里。 ,水湄物语,881676382
解忧杂货店,"一本打动人的书！就像金庸会写出鹿鼎记一样，东野圭吾也会写出解忧杂货店这种非典型作品，但是这不能妨碍它成为寒冷冬天的温暖解药，读第二遍感觉更好。神来之笔的时间空间转换，几个的小故事，人与人的羁绊，从低谷到转机，从忧虑到豁达，来自这么一个不起眼的杂货店。在奥运集训和陪伴男友中选择；鱼店音乐人留下的""重生""；和父母跑路的木雕家保罗列侬；为经济窘境选择陪酒小姐的汪汪；而解答33年前疑惑的3个偷车人，在无意中抢劫汪汪出逃后，继承了店主的意志，最终收到了浪矢给出的人生解答：空白的地图要自己去画！杂货店和孤儿院，浪矢与孤儿院主人的感情凝结成神秘的时光隧道，两条神奇的脉络不断地穿插在各色人生之中，给人一种大片的即视感！在寒冷的冬天里给人无限温暖和希望！",Leo____L,877889604
解忧杂货店,谢谢你，浪矢爷爷。,Ivy.M,844068132
解忧杂货店,非常好看啊，他的书从来没让我失望过。腰封上有个人的评价我觉得很贴切“人们总是在不经意间与他人的人生紧密相连”。可以向陌生人咨询烦恼真好，有时候不为解惑只为说出来。,小桃仙,828033618
解忧杂货店,一个圆满而完整的故事，没有一点漏洞，构思极其细致精巧，已超越《白夜行》,去精神病院走走,833592896
解忧杂货店,东野现在已经是专门贩卖鸡汤的了，这书红是挺红的，地铁里也见到人看过，同事那一堆书，都是什么路过心上的句子、微博段子集，里面居然也有这本。打开一看浓浓的鸡汤味扑面而来，第一篇读完还挺鲜的，第二篇最高，淡淡的挺有滋味，后面两篇也没拖后腿差点要给四颗星，结果最后一篇本性毕露，齁死我了！恶意煮鸡汤，千万别上当，只能给三星，不能跟着浪。,陆小包,905178924
解忧杂货店,这说是张嘉佳写的我也信,王大根,1277284762
